,Area,YearBuilt,Rooms,Location,Price,Floor
0,۸۷,۱۴۰۰,۲, مرزداران,۱۳۹۲۰۰۰۰۰۰۰,۷ 
1,۹۸,۱۳۹۷,۲, کوی فردوس,۱۰۶۰۰۰۰۰۰۰۰,۵
2,۶۰,۱۳۹۶,۱, ابراهیم‌آباد,۱۵۶۰۰۰۰۰۰۰,۱ 
3,۸۷,۱۳۹۴,۲, سازمان برنامه,۹۵۰۰۰۰۰۰۰۰,۳
4,۱۷۰,۱۳۷۵,۳, فرمانیه,۳۴۰۰۰۰۰۰۰۰۰,۲
5,۶۱,۱۳۹۵,۲, اندیشه (شهر زیبا),۲۶۵۰۰۰۰۰۰۰,0
6,۱۰۵,۱۴۰۱,۲, هروی,۱۴۰۰۰۰۰۰۰۰۰,۷ 
7,۹۰,۱۳۸۷,۲, پونک,۱۰۷۵۰۰۰۰۰۰۰,۱ 
8,۶۷,۱۳۸۳,۲, جنت‌آباد جنوبی,۶۶۶۶۰۰۰۰۰۰,0
9,۹۱,۱۳۸۴,۲, شهرک نفت (منطقه ۵),۹۱۰۰۰۰۰۰۰۰,0
10,۸۸,۱۳۸۰,۲, سازمان برنامه,۹۵۹۰۰۰۰۰۰۰,۲ 
11,۲۶۰,۱۳۹۵,۴, قیطریه,۳۰۰۰۰۰۰۰۰۰۰,۲
12,۱۱۰,۱۳۸۹,۲, سعادت‌آباد,۱۶۰۰۰۰۰۰۰۰۰,۴ 
13,۱۶۰,۱۳۹۵,۳, شهرک راه‌آهن,۱۴۰۰۰۰۰۰۰۰۰,۱
14,۸۵,۱۴۰۱,۲, نیاوران,۲۲۶۰۰۰۰۰۰۰۰,۹
15,۱۰۲,۱۳۸۷,۲, قیطریه,۱۳۲۰۰۰۰۰۰۰۰,۵
16,۱۲۸,۱۴۰۱,۲, پاسداران,۱۵۳۶۰۰۰۰۰۰۰,۸ 
17,۱۲۲,۱۳۹۰,۳, سازمان برنامه,۱۲۰۰۰۰۰۰۰۰۰,۳ 
18,۸۰,۱۳۹۶,۲, ایران,۶۲۸۰۰۰۰۰۰۰,0
19,۷۳,۱۴۰۱,۱, دریاچه شهدای خلیج فارس,۶۰۰۰۰۰۰۰۰۰,۵
20,۱۸۲,۱۳۸۵,۳, قیطریه,۱۸۶۰۰۰۰۰۰۰۰,۴
21,۹۶,۱۳۹۲,۲, قلهک,۱۲۸۰۰۰۰۰۰۰۰,۲
22,۱۰۲,۱۴۰۲,۲, وردآورد,۹۱۸۰۰۰۰۰۰,۱۰ 
23,۹۴,۱۳۹۶,۲, پونک,۱۰۰۰۰۰۰۰۰۰۰,۵
24,۱۱۲,۱۴۰۲,۲, شهرک راه‌آهن,۱۱۰۰۰۰۰۰۰۰۰,۳
25,۱۵۰,۱۴۰۱,۳, قبا,۲۴۷۵۰۰۰۰۰۰۰,۲
26,۴۶,۱۳۹۹,۱, مخصوص,۲۵۰۰۰۰۰۰۰۰,0
27,۵۵۰,۱۳۹۹,4, زعفرانیه,۱۶۵۰۰۰۰۰۰۰۰۰,۳ 
28,۱۱۸,۱۴۰۲,۲, شهرک راه‌آهن,۱۹۵۰۰۰۰۰۰۰,۹ 
29,۷۲,۱۳۹۵,۱, خانی‌آباد,۲۶۰۰۰۰۰۰۰۰,0
30,۱۱۷,۱۴۰۲,۲, پاسداران,۱۵۰۰۰۰۰۰۰۰۰,۲
31,۵۴,۱۳۹۸,۱, استاد معین,۳۶۰۰۰۰۰۰۰۰,۱ 
32,۲۵۰,۱۴۰۱,۳, ولنجک,۷۵۰۰۰۰۰۰۰۰۰,۶ 
33,۱۲۰,۱۳۷۱,۲, دهکده المپیک,۸۲۰۰۰۰۰۰۰۰,۲
34,۵۵,۱۴۰۲,۱, باغ فیض,۷۷۰۰۰۰۰۰۰۰,۲
35,۶۶,۱۳۹۴,۲, چیتگر,۲۹۰۰۰۰۰۰۰۰,۲
36,۹۵,۱۳۸۰,۲, پلیس,۵۹۰۰۰۰۰۰۰۰,۴ 
37,۱۰۰,۱۳۸۵,۲, شهرک راه‌آهن,۸۲۰۰۰۰۰۰۰۰,۲
38,۵۸,۱۳۸۵,۲, دولت‌آباد,۱۹۹۰۰۰۰۰۰۰,۴
39,۷۰,۱۳۹۳,۲, ارم,۷۷۵۰۰۰۰۰۰۰,۵
40,۴۵,۱۳۸۱,۱, سلسبیل,۲۶۵۰۰۰۰۰۰۰,۲ 
41,۱۰۰,۱۴۰۱,۲, چیتگر,۱۹۰۰۰۰۰۰۰۰,۱۹
42,۱۲۰,۱۳۹۸,۲, آبشار تهران,۸۴۰۰۰۰۰۰۰۰,۱۰
43,۷۴,۱۴۰۲,۱, پونک,۷۴۰۰۰۰۰۰۰۰,۸
44,۲۸۰,۱۳۹۲,۳, امامزاده قاسم,۴۷۰۰۰۰۰۰۰۰۰,0
45,۸۶,۱۳۹۹,۲, استاد معین,۷۰۰۰۰۰۰۰۰۰,۴
46,۱۱۵,۱۴۰۱,۲, شهرک نفت (منطقه ۵),۱۴۹۰۰۰۰۰۰۰۰,0
47,۱۰۰,۱۴۰۱,۲, چیتگر,۱۷۵۰۰۰۰۰۰۰,۲۰ 
48,۱۶۴,۱۳۸۶,۳, سعادت‌آباد,۲۲۰۰۰۰۰۰۰۰۰,۳
49,۱۱۴,۱۳۸۳,۲, سعادت‌آباد,۱۲۳۰۰۰۰۰۰۰۰,۱
50,۶۰,۱۴۰۱,۱, گیشا (کوی نصر),۱۲۰۰۰۰۰۰۰۰۰,۴
51,۱۴۶,۱۳۹۰,۳, شهران جنوبی,۱۶۵۰۰۰۰۰۰۰۰,۵
52,۱۰۳,۱۴۰۱,۲, حسین‌آباد,۱۲۸۹۰۰۰۰۰۰۰,۴
53,۱۳۲,۱۴۰۱,۳, چیتگر,۱۴۵۰۰۰۰۰۰۰۰,۱۶
54,۱۱۵,۱۳۹۶,۲, سعادت‌آباد,۲۸۲۵۰۰۰۰۰۰۰,۴
55,۹۵,۱۳۹۹,۲, شوش,۳۶۰۰۰۰۰۰۰۰,0
56,۱۴۰,۱۴۰۱,۳, گیشا (کوی نصر),۲۲۵۰۰۰۰۰۰۰۰,۳
57,۴۷,۱۳۸۰,۱, سلسبیل,۲۴۰۰۰۰۰۰۰۰,۳ 
58,۲۷۰,۱۳۹۵,۴, فرمانیه,۴۰۰۰۰۰۰۰۰۰۰,۵ 
59,۱۴۶,1370,۳, اکباتان,۱۳۵۰۰۰۰۰۰۰۰,۳۰
60,۸۴,۱۴۰۱,۲, استاد معین,۵۲۰۰۰۰۰۰۰۰,۲
61,۱۳۵,۱۴۰۲,۳, چیتگر,۵۶۷۰۰۰۰۰۰۰,۳۰
62,۵۳,۱۳۸۲,۱, جیحون,۲۷۴۵۰۰۰۰۰۰,۱
63,۳۳۰,۱۴۰۱,۴, اقدسیه,۶۵۰۰۰۰۰۰۰۰۰,۲ 
64,۹۰,۱۳۹۸,۲, پونک,۹۵۴۰۰۰۰۰۰۰,۳
65,۱۲۰,۱۳۸۴,۳, پاسداران,۱۵۰۰۰۰۰۰۰۰۰,۳ 
66,۶۲,۱۳۹۲,۱, شهرک آزادی,۴۶۵۰۰۰۰۰۰۰,۱
67,۵۸,۱۳۹۰,۱, اسکندری,۳۲۰۰۰۰۰۰۰۰,0
68,۵۵,۱۳۹۵,۱, سلیمانی,۳۰۵۰۰۰۰۰۰۰,۳
69,۶۰,۱۳۹۸,۱, سعادت‌آباد,۱۱۹۰۰۰۰۰۰۰۰,۱
70,۱۵۶,۱۴۰۲,۳, کوی فردوس,۱۷۰۰۰۰۰۰۰۰۰,۳
71,۷۵,۱۴۰۲,۲, استاد معین,۵۳۵۰۰۰۰۰۰۰,۲
72,۶۳,۱۳۷۷,۱, جیحون,۳۵۰۰۰۰۰۰۰۰,0
73,۷۰,۱۳۷۵,۲, سبلان,۲۶۹۰۰۰۰۰۰۰,0
74,۶۰,۱۳۸۶,۱, هاشمی,۳۹۵۰۰۰۰۰۰۰,۱ 
75,۱۲۲,۱۴۰۰,۲, ازگل,۱۲۵۰۰۰۰۰۰۰۰,0
76,۹۸,۱۳۹۹,۲, جنت‌آباد مرکزی,۱۲۱۰۰۰۰۰۰۰۰,۵
77,۱۲۶,۱۴۰۱,۲, دریاچه شهدای خلیج فارس,۹۱۲۰۰۰۰۰۰۰,0
78,۱۵۴,۱۴۰۲,۳, چیتگر,۹۰۰۰۰۰۰۰۰۰,۱۸
79,۱۰۳,۱۳۹۶,۲, وردآورد,۵۸۰۰۰۰۰۰۰۰,۱ 
80,۴۵,۱۳۹۸,۱, اندیشه (شهر زیبا),۲۴۰۰۰۰۰۰۰۰,۲ 
81,۷۰,۱۳۹۱,۲, جنت‌آباد جنوبی,۶۷۰۰۰۰۰۰۰۰,۳ 
82,۵۱,۱۳۹۰,۱, شهرک دریا,۳۸۲۰۰۰۰۰۰۰,0
83,۱۵۰,۱۳۷۵,۳, یوسف‌آباد,۱۶۷۰۰۰۰۰۰۰۰,۴
84,۳۴,۱۳۸۲,۱, نازی‌آباد,۲۴۵۰۰۰۰۰۰۰,0
85,۶۵,۱۳۸۳,۱, افسریه,۳۵۵۰۰۰۰۰۰۰,0
86,۱۱۹,۱۴۰۱,۲, پاسداران,۱۴۵۰۰۰۰۰۰۰۰,۸ 
87,۷۲,۱۳۹۱,۲, مسعودیه,۳۲۵۰۰۰۰۰۰۰,۳ 
88,۱۴۸,۱۴۰۱,۳, مرزداران,۱۷۵۰۰۰۰۰۰۰۰,۵ 
89,۵۲,۱۴۰۲,۱, استاد معین,۴۲۰۰۰۰۰۰۰۰,۴ 
90,۵۶,۱۳۸۶,۲, سازمان برنامه,۵۷۵۰۰۰۰۰۰۰,۱ 
91,۱۲۵,۱۴۰۰,۳, مرزداران,۱۷۵۰۰۰۰۰۰۰۰,۵ 
92,۶۷,۱۳۸۲,۲, فردوسی,۴۷۰۰۰۰۰۰۰۰,۳
93,۱۷۵,۱۳۹۵,۳, هروی,۱۹۲۵۰۰۰۰۰۰۰,۲
94,۵۶,۱۳۹۴,۱, یافت‌آباد,۱۸۴۰۰۰۰۰۰۰,0
95,۴۹,۱۴۰۰,۱, بریانک,۳۲۰۰۰۰۰۰۰۰,0
96,۱۱۵,۱۳۸۷,۲, زعفرانیه,۲۴۰۰۰۰۰۰۰۰۰,۴
97,۱۶۶,۱۳۹۵,۳, هروی,۲۰۰۰۰۰۰۰۰۰۰,۲
98,۱۴۲,۱۳۸۶,۳, هروی,۱۶۸۰۰۰۰۰۰۰۰,۱ 
99,۲۳۰,۱۴۰۲,۳, دروس,۶۸۰۰۰۰۰۰۰۰۰,۴ 
100,۷۲,۱۳۹۴,۲, نیاوران,۸۳۰۰۰۰۰۰۰۰,۱
101,۵۷,۱۳۸۵,۱, افسریه,۲۹۳۰۰۰۰۰۰۰,0
102,۱۴۰,۱۳۹۱,۳, حکیمیه,۹۷۰۰۰۰۰۰۰۰,۵ 
103,۴۲۰,۱۳۹۳,۴, فرمانیه,۱۰۵۰۰۰۰۰۰۰۰۰,۹
104,۶۵,۱۳۸۸,۱, شهرک راه‌آهن,۶۰۳۰۰۰۰۰۰۰,۳ 
105,۷۰,۱۳۸۹,۲, دهکده المپیک,۴۹۶۰۰۰۰۰۰۰,۲ 
106,۸۵,۱۳۹۵,۲, گیشا (کوی نصر),۱۱۹۰۰۰۰۰۰۰۰,0
107,۱۷۷,۱۳۸۵,۳, شهر زیبا,۱۳۵۰۰۰۰۰۰۰۰,۱ 
108,۱۱۰,۱۴۰۲,۲, آجودانیه,۱۵۴۰۰۰۰۰۰۰۰,۹ 
109,۷۰,۱۳۹۵,۲, شهرک کیانشهر,۳۵۰۰۰۰۰۰۰۰,۳ 
110,۱۱۰,۱۳۹۴,۲, شهرک راه‌آهن,۷۱۰۰۰۰۰۰۰۰,۱ 
111,۵۰,۱۳۹۴,۱, شهرک کیانشهر,۲۳۹۰۰۰۰۰۰۰,۳ 
112,۸۳,۱۴۰۱,۲, شهرک کیانشهر,۴۱۹۹۰۰۰۰۰۰,۳ 
113,۶۰,۱۳۹۵,۱, شهرک کیانشهر,۲۹۰۰۰۰۰۰۰۰,۲ 
114,۶۱,۱۳۹۳,۱, شهرک کیانشهر,۲۷۴۰۰۰۰۰۰۰,۵ 
115,۷۷,۱۳۷۲,۲, شهرک کیانشهر,۲۶۹۹۰۰۰۰۰۰,۴ 
116,۱۳۸,۱۳۹۹,۲, دریاچه شهدای خلیج فارس,۶۵۰۰۰۰۰۰۰۰,۱۲
117,۱۳۲,۱۴۰۱,۳, پاسداران,۱۸۵۰۰۰۰۰۰۰۰,۵
118,۱۴۴,۱۴۰۰,۳, ظفر,۲۱۵۰۰۰۰۰۰۰۰,۳
119,۴۹,۱۳۸۳,۱, آهنگ,۳۲۰۰۰۰۰۰۰۰,0
120,۷۶,۱۳۸۷,۲, پونک,۷۴۰۰۰۰۰۰۰۰,۵
121,۱۱۰,۱۴۰۱,۲, ستارخان,۹۳۰۰۰۰۰۰۰۰,۵ 
122,۷۸,۱۳۹۴,۲, شهرک پرواز,۸۶۰۰۰۰۰۰۰۰,۳
123,۹۴,۱۳۹۹,۲, دربند,۱۴۲۰۰۰۰۰۰۰۰,۵
124,۸۵,۱۴۰۱,۲, جنت‌آباد مرکزی,۱۰۳۰۰۰۰۰۰۰۰,۵
125,۱۵۵,۱۳۹۵,۳, نیاوران,۲۲۵۰۰۰۰۰۰۰۰,۳
126,۱۲۰,۱۴۰۱,۳, چیتگر,۳۰۶۰۰۰۰۰۰۰,۱۶ 
127,۹۴,۱۳۷۶,۲, کوی فردوس,۷۶۰۰۰۰۰۰۰۰,0
128,۸۷,۱۴۰۰,۲, دریان‌نو,۹۳۴۰۰۰۰۰۰۰,۵
129,۸۰,۱۳۹۱,۲, هروی,۸۸۰۰۰۰۰۰۰۰,۳
130,۱۰۰,۱۴۰۲,۲, دریاچه شهدای خلیج فارس,۲۸۰۰۰۰۰۰۰۰,۹ 
131,۱۶۵,۱۴۰۰,۳, زعفرانیه,۴۸۰۰۰۰۰۰۰۰۰,۳
132,۵۳,۱۳۹۶,۱, جیحون,۳۲۰۰۰۰۰۰۰۰,۴ 
133,۱۵۵,۱۳۹۶,۳, سعادت‌آباد,۳۱۰۰۰۰۰۰۰۰۰,۲ 
134,۶۴,۱۳۹۳,۱, دکتر هوشیار,۴۵۰۰۰۰۰۰۰۰,۱ 
135,۳۵۸,۱۳۹۵,۴, نیاوران,۸۱۰۰۰۰۰۰۰۰۰,۹ 
136,۸۵,۱۳۸۱,۲, صادقیه,۷۴۵۰۰۰۰۰۰۰,۲ 
137,۶۳,۱۳۸۹,۲, جیحون,۴۰۰۰۰۰۰۰۰۰,۱ 
138,۲۰۰,۱۳۸۵,۳, ولنجک,۳۱۰۰۰۰۰۰۰۰۰,۹
139,۱۰۰,۱۴۰۱,۲, چیتگر,۲۸۰۰۰۰۰۰۰۰,۱۵
140,۱۰۰,۱۴۰۱,۲, چیتگر,۲۸۰۰۰۰۰۰۰۰,۱۰
141,۶۷,۱۳۸۹,۱, کوی فردوس,۷۳۰۰۰۰۰۰۰۰,۳ 
142,۱۳۲,۱۴۰۲,۳, سعادت‌آباد,۳۳۰۰۰۰۰۰۰۰۰,۵ 
143,۱۴۸,۱۴۰۰,۳, سعادت‌آباد,۲۸۰۰۰۰۰۰۰۰۰,۲ 
144,۴۸,۱۴۰۲,۱, آذربایجان,۳۹۰۵۰۰۰۰۰۰,۱ 
145,۱۱۴,۱۴۰۲,۲, سعادت‌آباد,۱۸۰۸۰۰۰۰۰۰۰,۶ 
146,۱۵۵,۱۳۸۴,۳, دروس,۲۱۰۰۰۰۰۰۰۰۰,۲
147,۱۱۰,۱۴۰۱,۲, سهروردی,۱۴۳۰۰۰۰۰۰۰۰,۴ 
148,۱۲۵,۱۴۰۰,۳, مبارک‌آباد بهشتی,۳۱۲۵۰۰۰۰۰۰,۴
149,۱۳۰,۱۴۰۱,۲, قبا,۱۸۰۰۰۰۰۰۰۰۰,۴
150,۸۶,۱۳۸۲,۲, تهران‌نو,۵۱۶۰۰۰۰۰۰۰,۲ 
151,۷۹,۱۴۰۱,۲, آذربایجان,۷۵۰۰۰۰۰۰۰۰,۴
152,۱۱۰,۱۴۰۱,۲, دروس,۱۸۷۰۰۰۰۰۰۰۰,۳
153,۱۴۸,۱۴۰۲,۲, جردن,۲۸۸۰۰۰۰۰۰۰۰,۲
154,۴۴,۱۳۸۳,۱, مرزداران,۴۴۸۸۰۰۰۰۰۰,۲
155,۴۰۰,۱۳۸۹,۴, نیاوران,۷۸۶۵۰۰۰۰۰۰۰,۳ 
156,۸۸,۱۳۸۶,۲, شهرک راه‌آهن,۸۴۰۰۰۰۰۰۰۰,0
157,۱۳۵,۱۳۷۸,۳, صادقیه,۱۰۰۰۰۰۰۰۰۰۰,۳ 
158,۷۷,۱۴۰۰,۲, اندیشه (شهر زیبا),۷۰۵۰۰۰۰۰۰۰,۱
159,۱۵۰,۱۴۰۱,۳, نیاوران,۲۶۰۰۰۰۰۰۰۰۰,۱
160,۱۳۸,۱۴۰۲,۳, دریاچه شهدای خلیج فارس,۲۲۵۰۰۰۰۰۰۰,۶
161,۴۲,۱۳۸۴,۱, استاد معین,۲۶۵۰۰۰۰۰۰۰,۳ 
162,۱۰۰,۱۳۸۱,۲, دربند,۱۰۰۰۰۰۰۰۰۰۰,0
163,۱۰۱,۱۴۰۱,۲, هروی,۱۳۲۰۰۰۰۰۰۰۰,۴ 
164,۱۲۰,۱۳۸۵,۲, اختیاریه,۱۵۶۰۰۰۰۰۰۰۰,۲
165,۱۱۵,۱۳۹۰,۳, قیطریه,۲۰۰۰۰۰۰۰۰۰۰,۳
166,۱۲۵,۱۳۸۲,۳, قیطریه,۱۴۵۰۰۰۰۰۰۰۰,۴
167,۱۰۶,۱۴۰۲,۲, درب دوم,۱۸۹۰۰۰۰۰۰۰۰,۳
168,۱۸۲,۱۳۹۵,۳, شریف,۱۸۲۰۰۰۰۰۰۰۰,0
169,۱۴۰,۱۳۹۸,۳, کوهک,۱۰۰۰۰۰۰۰۰۰۰,۷
170,۶۳,۱۴۰۰,۲, جیحون,۴۳۰۰۰۰۰۰۰۰,۱
171,۱۱۰,۱۳۹۴,۲, مرزداران,۱۳۸۰۰۰۰۰۰۰۰,۳ 
172,۶۶,۱۳۸۹,۱, خلیج فارس,۳۲۸۰۰۰۰۰۰۰,0
173,۴۹,۱۳۸۲,۱, هاشمی,۳۱۰۰۰۰۰۰۰۰,0
174,۷۳,۱۳۹۹,۲, دکتر هوشیار,۵۲۹۰۰۰۰۰۰۰,۱
175,۸۰,۱۳۸۶,۲, سازمان آب,۷۴۵۰۰۰۰۰۰۰,۱
176,۱۲۰,۱۴۰۱,۲, چیتگر,۳۳۶۰۰۰۰۰۰۰,۱
177,۷۰,۱۴۰۲,۱, سازمان برنامه,۷۵۵۰۰۰۰۰۰۰,۵
178,۷۳,۱۳۹۹,۲, جیحون,۵۲۸۵۰۰۰۰۰۰,۱ 
179,۲۰۰,۱۴۰۱,۳, پاسداران,۲۴۵۰۰۰۰۰۰۰۰,۱۰ 
180,۱۳۰,۱۴۰۲,۳, سرو آزاد,۹۲۰۰۰۰۰۰۰۰,0
181,۱۷۰,۱۴۰۲,۳, سعادت‌آباد,۵۵۹۳۰۰۰۰۰۰۰,۸ 
182,۸۲,۱۴۰۱,۲, صادقیه,۸۶۶۰۰۰۰۰۰۰,۲ 
183,۵۴,۱۳۸۵,۲, میدان انقلاب,۳۵۱۰۰۰۰۰۰۰,0
184,۱۰۷,۱۴۰۲,۲, پاسداران,۱۳۵۰۰۰۰۰۰۰۰,۱۰ 
185,۱۰۵,۱۳۹۸,۲, تهران‌سر,۸۳۰۰۰۰۰۰۰۰,0
186,۸۵,۱۴۰۲,۲, چیتگر,۷۶۵۰۰۰۰۰۰۰,۹
187,۱۸۰,۱۴۰۱,۳, پاسداران,۲۰۸۸۰۰۰۰۰۰۰,۹ 
188,۱۵۵,۱۳۸۸,۳, سعادت‌آباد,۲۶۵۰۰۰۰۰۰۰۰,۲
189,۷۶,۱۳۸۸,۲, افسریه,۴۰۰۰۰۰۰۰۰۰,0
190,۱۵۰,۱۳۹۴,۳, سعادت‌آباد,۲۴۵۰۰۰۰۰۰۰۰,۲
191,۲۰۱,۱۳۸۷,۳, سعادت‌آباد,۳۸۰۰۰۰۰۰۰۰۰,۲
192,۱۲۰,۱۳۹۹,۳, ستارخان,۱۵۲۰۰۰۰۰۰۰۰,0
193,۱۰۱,۱۴۰۱,۲, دریاچه شهدای خلیج فارس,۲۰۰۰۰۰۰۰۰۰,۲۰
194,۱۶۰,۱۴۰۲,۳, پونک,۱۹۱۰۰۰۰۰۰۰۰,۲ 
195,۱۴۲,۱۴۰۰,۳, سعادت‌آباد,۲۶۷۰۰۰۰۰۰۰۰,۴
196,۱۱۸,۱۴۰۲,۳, نارمک,۲۲۵۰۰۰۰۰۰۰۰,۴
197,۱۲۵,۱۳۸۵,۳, میرداماد,۱۶۲۵۰۰۰۰۰۰۰,۲ 
198,۱۰۰,۱۴۰۱,۲, چیتگر,۱۷۵۰۰۰۰۰۰۰,۱۵
199,۱۰۲,۱۴۰۲,۲, چیتگر,۱۷۵۰۰۰۰۰۰۰,۱۳
200,۱۳۰,۱۳۸۶,۲, پونک,۱۰۶۰۰۰۰۰۰۰۰,۱ 
201,۱۲۹,۱۴۰۱,۲, مبارک‌آباد بهشتی,۳۸۷۰۰۰۰۰۰۰,۴
202,۱۴۰,۱۴۰۱,۳, مبارک‌آباد بهشتی,۴۲۰۰۰۰۰۰۰۰,۳
203,۸۷,۱۳۸۶,۲, کوی فردوس,۸۸۰۰۰۰۰۰۰۰,۳ 
204,۷۲۰,۱۳۹۶,4, فرمانیه,۱۴۵۰۰۰۰۰۰۰۰۰,۱۱
205,۷۶,۱۴۰۰,۱, آسمان,۹۶۰۰۰۰۰۰۰۰,۱ 
206,۵۲,۱۳۹۸,۱, سلسبیل,۳۵۳۰۰۰۰۰۰۰,۱ 
207,۸۲,۱۴۰۱,۲, تجریش,۱۲۰۰۰۰۰۰۰۰۰,۲ 
208,۱۱۷,۱۴۰۱,۲, چیتگر,۹۳۶۰۰۰۰۰۰,۱۱ 
209,۷۷,۱۳۹۵,۲, مرزداران,۹۰۰۰۰۰۰۰۰۰,۵ 
210,۱۵۰,۱۴۰۱,۳, شهرک غرب,۳۷۰۰۰۰۰۰۰۰۰,۷ 
211,۷۵,۱۳۸۳,۲, پونک,۷۴۰۰۰۰۰۰۰۰,۳ 
212,۱۲۰,۱۳۸۵,۲, سعادت‌آباد,۲۱۰۰۰۰۰۰۰۰۰,۵
213,۷۰,۱۴۰۱,۱, الهیه,۲۳۰۰۰۰۰۰۰۰۰,۱ 
214,۵۰,۱۳۹۴,۱, دولاب,۵۹۰۰۰۰۰۰۰۰,۲ 
215,۱۴۵,۱۳۸۰,۳, پونک,۲۸۰۰۰۰۰۰۰۰۰,۱ 
216,۱۲۰,۱۴۰۱,۲, شادمهر,۱۲۵۹۰۰۰۰۰۰۰,۴
217,۱۲۲,۱۳۹۱,۳, چیتگر,۶۵۰۰۰۰۰۰۰۰,۳
218,۲۵۰,۱۴۰۱,۳, نیاوران,۸۵۰۰۰۰۰۰۰۰۰,۶ 
219,۷۵,۱۳۹۷,۲, مبارک‌آباد بهشتی,۱۸۷۵۰۰۰۰۰۰,۳
220,۱۱۰,1370,۲, جهاد,۸۸۰۰۰۰۰۰۰۰,۲
221,۲۱۰,۱۳۸۰,۳, قیطریه,۲۴۳۵۰۰۰۰۰۰۰,۴
222,۱۲۸,۱۳۹۱,۲, باغ خزانه,۶۸۴۸۰۰۰۰۰۰,۵ 
223,۱۰۰,۱۳۹۷,۲, شهران شمالی,۱۱۰۰۰۰۰۰۰۰۰,۴ 
224,۱۲۵,۱۴۰۱,۲, دریاچه شهدای خلیج فارس,۷۸۵۰۰۰۰۰۰۰,۳
225,۱۵۰,۱۴۰۲,۳, چیتگر,۹۹۹۹۹۹۹۹۹۹,۹
226,۲۱۰,۱۴۰۱,۲, الهیه,۴۵۵۰۰۰۰۰۰۰۰,۵ 
227,۷۵,۱۳۸۸,۲, نیرو هوایی,۵۰۰۰۰۰۰۰۰۰,۳
228,۷۰,۱۳۹۲,۲, مبارک‌آباد بهشتی,۲۳۰۰۰۰۰۰۰۰,۱ 
229,۵۵,۱۳۹۸,۱, مبارک‌آباد بهشتی,۱۷۰۵۰۰۰۰۰۰,۱
230,۱۱۳,۱۳۹۵,۲, مرزداران,۱۴۸۰۰۰۰۰۰۰۰,۲ 
231,۵۶,۱۳۸۷,۱, فلاح,۲۶۳۲۰۰۰۰۰۰,۴
232,۱۰۰,۱۴۰۲,۲, منیریه,۹۹۰۰۰۰۰۰۰۰,۶
233,۱۴۲,۱۳۸۸,۳, سعادت‌آباد,۱۸۱۰۰۰۰۰۰۰۰,۲ 
234,۶۰,۱۳۹۸,۲, اندیشه (شهر زیبا),۲۰۰۰۰۰۰۰۰۰,۲ 
235,۶۵,۱۴۰۲,۲, منیریه,۶۵۰۰۰۰۰۰۰۰,۱ 
236,۹۵,۱۳۹۴,۲, جنت‌آباد مرکزی,۱۰۰۵۰۰۰۰۰۰۰,۳
237,۱۲۵,۱۳۹۶,۳, پاسداران,۱۷۶۰۰۰۰۰۰۰۰,۳ 
238,۱۳۵,۱۳۹۸,۲, دهقان,۱۲۳۰۰۰۰۰۰۰۰,0
239,۱۰۰,۱۳۷۷,۲, سعادت‌آباد,۱۲۹۹۹۹۰۹۰۹۹,۱
240,۱۵۴,۱۳۹۰,۳, دروس,۲۱۰۰۰۰۰۰۰۰۰,۳ 
241,۵۵,۱۳۸۷,۱, جنت‌آباد مرکزی,۵۴۰۰۰۰۰۰۰۰,۵
242,۱۰۲,۱۳۸۸,۲, قلهک,۱۲۰۰۰۰۰۰۰۰۰,۵ 
243,۱۵۵,۱۳۸۳,۳, ظفر,۱۶۰۰۰۰۰۰۰۰۰,۴
244,۱۰۹,۱۳۹۳,۲, مرزداران,۱۶۰۰۰۰۰۰۰۰۰,۱ 
245,۱۱۰,۱۴۰۲,۲, باغ فیض,۱۳۷۵۰۰۰۰۰۰۰,۳ 
246,۱۸۵,۱۴۰۲,۳, کاشانک,۲۵۵۰۰۰۰۰۰۰۰,۶
247,۶۴,۱۴۰۲,۱, مرزداران,۸۴۰۰۰۰۰۰۰۰,۳ 
248,۷۷,۱۳۸۹,۲, مرزداران,۱۰۴۵۰۰۰۰۰۰۰,۲ 
249,۳۱۳,۱۳۸۶,۴, دروس,۵۱۵۰۰۰۰۰۰۰۰,۵ 
250,۱۲۵,۱۳۹۷,۲, منیریه,۱۰۴۵۰۰۰۰۰۰۰,۵ 
251,۲۵۰,۱۴۰۰,۳, دروس,۵۰۰۰۰۰۰۰۰۰۰,۴ 
252,۶۷,۱۳۸۹,۱, سازمان برنامه,۵۷۰۵۰۰۰۰۰۰,۱
253,۱۲۰,۱۳۸۵,۲, اختیاریه,۱۳۰۰۰۰۰۰۰۰۰,۱
254,۱۳۰,۱۴۰۲,۳, سهروردی,۱۴۰۰۰۰۰۰۰۰۰,۴
255,۱۱۵,۱۴۰۱,۲, هروی,۱۳۷۵۰۰۰۰۰۰۰,۳۰
256,۱۱۵,۱۳۹۶,۳, پونک,۱۲۳۰۰۰۰۰۰۰۰,۴ 
257,۱۴۳,۱۴۰۲,۳, شهرک غرب,۲۷۰۰۰۰۰۰۰۰۰,۲ 
258,۱۰۱,۱۳۸۳,۲, سعادت‌آباد,۱۲۹۰۰۰۰۰۰۰۰,۱ 
259,۱۱۵,۱۳۸۲,۲, شهرک غرب,۱۶۵۰۰۰۰۰۰۰۰,۲ 
260,۵۰,۱۳۸۶,۱, کوی فردوس,۵۴۰۰۰۰۰۰۰۰,0
261,۱۱۰,۱۳۸۸,۲, کامرانیه,۱۸۵۰۰۰۰۰۰۰۰,۴
262,۱۴۰,۱۴۰۱,۳, دریاچه شهدای خلیج فارس,۳۹۲۰۰۰۰۰۰۰,۱۴
263,۷۲,۱۴۰۰,۲, اندیشه (شهر زیبا),۲۸۰۰۰۰۰۰۰۰,۴
264,۱۱۵,۱۳۸۵,۲, اختیاریه,۱۳۵۰۰۰۰۰۰۰۰,۵ 
265,۶۶,۱۳۸۵,۲, کوی فردوس,۷۹۰۰۰۰۰۰۰۰,۵ 
266,۳۱۲,۱۳۹۸,۴, فرمانیه,۹۴۰۰۰۰۰۰۰۰۰,۳ 
267,۱۶۵,۱۳۹۵,۳, مرزداران,۲۶۶۰۰۰۰۰۰۰۰,۴
268,۱۱۲,۱۴۰۲,۲, سرو آزاد,۱۰۰۰۰۰۰۰۰۰۰,0
269,۱۲۴,۱۳۹۷,۳, دریاچه شهدای خلیج فارس,۱۱۷۰۰۰۰۰۰۰۰,۵
270,۱۱۰,۱۴۰۱,۲, سرو آزاد,۱۱۰۰۰۰۰۰۰۰۰,0
271,۱۷۰,۱۴۰۱,۳, نیاوران,۳۸۰۰۰۰۰۰۰۰۰,۲ 
272,۱۳۲,۱۳۹۱,۳, هوانیروز,۱۲۰۰۰۰۰۰۰۰۰,0
273,۵۸,۱۳۹۴,۱, کرمان,۴۹۹۹۹۹۹۹۹۹,0
274,۱۳۱,۱۴۰۱,۲, پاسداران,۱۵۸۰۰۰۰۰۰۰۰,۱۰ 
275,۴۸,۱۳۸۵,۱, کوی فردوس,۴۵۵۰۰۰۰۰۰۰,۴ 
276,۹۸,۱۳۹۸,۳, مبارک‌آباد بهشتی,۲۹۴۵۰۰۰۰۰۰,۵
277,۱۰۲,۱۴۰۱,۲, اختیاریه,۲۰۴۰۰۰۰۰۰۰۰,۴
278,۷۴,۱۳۸۸,۲, جنت‌آباد جنوبی,۶۶۸۰۰۰۰۰۰۰,۲ 
279,۶۶,۱۳۸۲,۲, ایران,۵۸۰۰۰۰۰۰۰۰,0
280,۱۱۸,۱۳۸۰,۲, جردن,۱۶۰۰۰۰۰۰۰۰۰,۳
281,۸۵,1370,۲, شمشیری,۴۵۰۰۰۰۰۰۰۰,0
282,۶۶,۱۳۹۹,۲, شهرک تختی,۲۲۴۱۰۰۰۰۰۰,۳
283,۱۵۰,۱۴۰۲,۳, مرزداران,۱۷۶۰۰۰۰۰۰۰۰,0
284,۱۲۰,1370,۳, شهر زیبا,۷۷۰۰۰۰۰۰۰۰,0
285,۱۰۶,۱۳۸۱,۲, صادقیه,۹۲۲۲۰۰۰۰۰۰,0
286,۵۲,۱۴۰۱,۱, هاشم‌آباد,۱۷۱۶۰۰۰۰۰۰,۳
287,۹۳,۱۴۰۲,۲, جنت‌آباد جنوبی,۱۳۴۸۰۰۰۰۰۰۰,۳ 
288,۷۲,۱۳۸۷,۲, ظهیرآباد,۴۳۲۰۰۰۰۰۰۰,0
289,۱۶۰,۱۳۹۵,۳, هروی,۲۰۷۱۰۰۰۰۰۰۰,۱
290,۶۰,۱۳۸۵,۱, آهنگ,۳۰۰۰۰۰۰۰۰۰,0
291,۵۳,۱۳۸۵,۱, کوی فردوس,۵۵۰۰۰۰۰۰۰۰,۳ 
292,۸۱,۱۴۰۱,۲, مبارک‌آباد بهشتی,۲۶۳۲۵۰۰۰۰۰,۳
293,۱۵۵,۱۴۰۱,۳, جنت‌آباد جنوبی,۲۴۵۰۰۰۰۰۰۰۰,۲ 
294,۲۹۰,۱۴۰۱,۴, پونک,۵۵۰۰۰۰۰۰۰۰۰,۴ 
295,۶۲,۱۳۹۴,۱, ازگل,۸۲۰۰۰۰۰۰۰۰,۴ 
296,۹۲,۱۳۹۳,۲, جنت‌آباد مرکزی,۱۲۰۵۰۰۰۰۰۰۰,۳ 
297,۱۳۳,۱۳۹۴,۳, جنت‌آباد جنوبی,۱۷۰۰۰۰۰۰۰۰۰,۵ 
298,۶۷,۱۳۹۲,۱, جی,۳۴۸۶۰۰۰۰۰۰,۱ 
299,۱۸۵,۱۳۹۴,۳, شهرک ژاندارمری,۳۳۲۰۰۰۰۰۰۰۰,۳ 
300,۱۶۵,۱۳۷۹,۳, شهرک غرب,۲۱۰۰۰۰۰۰۰۰۰,۴
301,۹۰,۱۳۹۶,۲, جنت‌آباد شمالی,۹۲۰۰۰۰۰۰۰۰,۳ 
302,۱۰۰,1370,۱, پیروزی,۶۲۰۰۰۰۰۰۰۰,0
303,۱۷۸,۱۳۸۰,۳, جردن,۲۰۵۰۰۰۰۰۰۰۰,۶ 
304,۱۵۰,۱۴۰۲,۳, جردن,۲۸۰۰۰۰۰۰۰۰۰,۱ 
305,۲۰۰,۱۴۰۲,۳, پاسداران,۲۴۰۰۰۰۰۰۰۰۰,۱۶
306,۱۶۸,۱۳۸۱,۳, جردن,۲۲۲۰۰۰۰۰۰۰۰,۴
307,۲۲۵,۱۳۸۵,۳, امانیه,۲۵۴۰۰۰۰۰۰۰۰,۵ 
308,۱۴۰,۱۳۹۵,۳, شهرک پرواز,۱۷۶۰۰۰۰۰۰۰۰,۲
309,۱۱۲,۱۳۹۱,۲, باغ فیض,۱۲۵۴۴۰۰۰۰۰۰,۳ 
310,۲۷۰,۱۳۸۸,۴, ولنجک,۵۶۰۰۰۰۰۰۰۰۰,۵ 
311,۱۱۰,۱۴۰۲,۲, جنت‌آباد جنوبی,۱۱۶۸۰۰۰۰۰۰۰,۳ 
312,۱۰۵,۱۳۹۳,۳, شهران جنوبی,۱۱۴۰۰۰۰۰۰۰۰,۴
313,۱۳۶,۱۳۸۸,۳, کوی فردوس,۱۳۹۰۰۰۰۰۰۰۰,۳ 
314,۱۵۴,۱۳۸۳,۳, کوی فردوس,۱۱۵۵۰۰۰۰۰۰۰,۲ 
315,۱۱۵,۱۳۸۴,۲, هروی,۱۲۷۰۰۰۰۰۰۰۰,۱ 
316,۱۰۴,۱۳۹۳,۲, جنت‌آباد مرکزی,۱۲۲۰۰۰۰۰۰۰۰,۱ 
317,۲۱۴,۱۴۰۲,۳, جردن,۴۷۰۰۰۰۰۰۰۰۰,۱ 
318,۱۳۰,۱۳۹۸,۳, هروی,۱۸۲۰۰۰۰۰۰۰۰,۵
319,۹۸,۱۳۹۰,۲, جنت‌آباد جنوبی,۱۱۸۰۰۰۰۰۰۰۰,۴ 
320,۱۰۵,۱۳۸۵,۲, سعادت‌آباد,۱۳۰۰۰۰۰۰۰۰۰,۴
321,۱۱۰,۱۳۹۰,۲, هروی,۱۲۹۰۰۰۰۰۰۰۰,۵
322,۲۱۲,۱۳۸۵,۳, پاسداران,۲۹۰۰۰۰۰۰۰۰۰,۴ 
323,۸۵,۱۳۹۵,۲, پونک,۷۶۰۰۰۰۰۰۰۰,۴
324,۸۸,۱۴۰۱,۲, کاشانک,۱۴۵۰۰۰۰۰۰۰۰,۳
325,۱۲۷,۱۴۰۱,۲, ازگل,۲۱۳۰۰۰۰۰۰۰۰,۲ 
326,۱۴۰,۱۴۰۱,۳, سعادت‌آباد,۲۳۵۰۰۰۰۰۰۰۰,۵ 
327,۱۸۰,۱۳۸۸,۳, زعفرانیه,۲۸۰۰۰۰۰۰۰۰۰,۳ 
328,۱۳۵,۱۳۹۵,۳, جنت‌آباد شمالی,۱۳۰۰۰۰۰۰۰۰۰,۱ 
329,۱۲۰,۱۳۹۵,۳, سهروردی,۱۳۲۵۰۰۰۰۰۰۰,۱
330,۵۵,۱۳۸۸,۱, کوی فردوس,۵۹۵۰۰۰۰۰۰۰,۲ 
331,۷۲,۱۳۷۸,۲, باغ فیض,۵۷۲۰۰۰۰۰۰۰,۳ 
332,۱۱۶,۱۳۹۰,۳, آبشار تهران,۸۲۵۰۰۰۰۰۰۰,۷
333,۸۹,۱۳۸۶,۲, شهران شمالی,۶۶۵۰۰۰۰۰۰۰,۲ 
334,۱۸۰,۱۳۸۵,۳, سعادت‌آباد,۳۰۶۰۰۰۰۰۰۰۰,۱۱
335,۹۸,۱۳۹۷,۲, جنت‌آباد جنوبی,۱۱۲۰۰۰۰۰۰۰۰,۵
336,۴۷,۱۳۸۹,۱, سلسبیل,۲۸۰۰۰۰۰۰۰۰,۱ 
337,۱۳۰,۱۳۸۰,۲, الهیه,۲۳۹۰۰۰۰۰۰۰۰,۱ 
338,۱۰۰,۱۴۰۱,۲, مرزداران,۱۴۵۰۰۰۰۰۰۰۰,۳ 
339,۱۱۴,۱۳۹۵,۳, آبشار تهران,۸۰۵۰۰۰۰۰۰۰,۴
340,۱۱۵,۱۳۸۲,۲, شهرک غرب,۱۳۴۰۰۰۰۰۰۰۰,۱
341,۷۵,۱۳۸۴,۲, جنت‌آباد مرکزی,۷۸۰۰۰۰۰۰۰۰,۵ 
342,۱۳۹,۱۴۰۲,۳, استاد معین,۱۱۸۵۰۰۰۰۰۰۰,۴ 
343,۲۰,۱۴۰۰,۱, دریاچه شهدای خلیج فارس,۶۰۰۰۰۰۰۰۰,۲۱ 
344,۶۰,۱۳۸۸,۲, پونک,۶۳۰۰۰۰۰۰۰۰,۵ 
345,۲۳۰,۱۳۹۶,۳, سعادت‌آباد,۵۰۰۰۰۰۰۰۰۰۰,۱
346,۷۳,۱۳۹۵,۲, شهران جنوبی,۷۰۰۰۰۰۰۰۰۰,۳ 
347,۱۲۵,۱۳۹۲,۳, سعادت‌آباد,۱۷۵۰۰۰۰۰۰۰۰,۵
348,۷۸,۱۳۹۸,۲, جنت‌آباد جنوبی,۱۰۰۰۰۰۰۰۰۰۰,۵
349,۷۶,۱۳۹۷,۲, جنت‌آباد مرکزی,۸۱۵۰۰۰۰۰۰۰,۵
350,۱۷۲,۱۴۰۰,۳, سعادت‌آباد,۴۵۰۰۰۰۰۰۰۰۰,۵ 
351,۸۴,۱۳۸۴,۲, پونک,۷۹۰۰۰۰۰۰۰۰,۱ 
352,۶۵,۱۳۸۰,۲, افسریه,۳۹۰۰۰۰۰۰۰۰,0
353,۳۷۵,۱۴۰۰,۴, محمودیه,۹۳۰۰۰۰۰۰۰۰۰,۲ 
354,۱۵۰,۱۳۸۵,۳, میرداماد,۱۸۰۰۰۰۰۰۰۰۰,۲ 
355,۱۳۰,۱۴۰۱,۳, مقدم,۶۵۰۰۰۰۰۰۰۰,0
356,۱۹۴,۱۴۰۱,۳, پاسداران,۲۲۳۱۰۰۰۰۰۰۰,۱۱
357,۲۲۵,۱۳۸۷,۳, زعفرانیه,۴۴۰۰۰۰۰۰۰۰۰,۶ 
358,۱۷۰,۱۴۰۱,۳, ولنجک,۳۹۰۰۰۰۰۰۰۰۰,۶ 
359,۱۱۳,۱۳۹۷,۲, سازمان برنامه,۱۵۸۲۰۰۰۰۰۰۰,۳ 
360,۱۱۸,۱۴۰۲,۲, دریاچه شهدای خلیج فارس,۸۵۰۰۰۰۰۰۰۰,۲۵ 
361,۶۱,۱۳۸۷,۲, مولوی,۱۹۰۰۰۰۰۰۰۰,0
362,۹۳,۱۳۸۵,۲, سازمان برنامه,۱۰۲۰۰۰۰۰۰۰۰,۳ 
363,۷۲,۱۳۸۶,۲, سازمان برنامه,۷۱۰۰۰۰۰۰۰۰,۱ 
364,۲۴۵,۱۳۸۸,۴, فرمانیه,۴۷۰۰۰۰۰۰۰۰۰,۵
365,۱۲۵,۱۳۸۴,۳, کوی فردوس,۱۲۸۰۰۰۰۰۰۰۰,۳ 
366,۸۸,۱۳۸۵,۲, جنت‌آباد جنوبی,۷۰۸۹۰۰۰۰۰۰,۲ 
367,۴۸,۱۳۸۳,۱, جیحون,۲۸۰۰۰۰۰۰۰۰,0
368,۶۸,۱۳۸۵,۲, پونک,۶۱۰۰۰۰۰۰۰۰,۳ 
369,۹۰,۱۴۰۲,۲, چیتگر,۹۹۰۰۰۰۰۰۰,۱۲
370,۶۱,۱۳۸۷,۱, پونک,۶۰۰۰۰۰۰۰۰۰,۲
371,۷۵,۱۳۸۶,۲, جنت‌آباد مرکزی,۵۷۵۰۰۰۰۰۰۰,۴
372,۱۳۰,۱۳۸۰,۳, پاسداران,۲۰۰۰۰۰۰۰۰۰۰,۲ 
373,۱۰۱,۱۴۰۲,۲, چیتگر,۸۰۸۰۰۰۰۰۰,۱۱ 
374,۴۷,۱۳۸۵,۱, جیحون,۲۸۰۰۰۰۰۰۰۰,0
375,۳۲۰,۱۳۹۴,۳, سرو آزاد,۱۴۸۰۰۰۰۰۰۰۰,0
376,۷۴,۱۳۹۹,۲, پیروزی,۵۸۵۰۰۰۰۰۰۰,0
377,۷۴,۱۳۸۵,۲, پونک,۶۳۰۰۰۰۰۰۰۰,۱ 
378,۱۰۰,۱۴۰۱,۲, نیرو هوایی,۱۳۰۰۰۰۰۰۰۰۰,۳
379,۱۵۰,۱۴۰۱,۳, نیرو هوایی,۱۵۰۰۰۰۰۰۰۰۰,۴
380,۱۵۰,۱۳۹۷,۳, شهرک راه‌آهن,۱۴۲۰۰۰۰۰۰۰۰۰,۲
381,۵۰,۱۴۰۰,۱, جیحون,۳۴۰۰۰۰۰۰۰۰,۴ 
382,۱۱۵,۱۴۰۲,۲, سرو آزاد,۴۲۵۵۰۰۰۰۰۰,۲۳ 
383,۸۵,۱۴۰۲,۲, نیرو هوایی,۹۸۰۰۰۰۰۰۰۰,۱
384,۲۴۰,۱۴۰۲,۳, فرمانیه,۶۳۰۰۰۰۰۰۰۰۰,۶
385,۱۱۰,۱۴۰۲,۲, مرزداران,۱۲۹۰۰۰۰۰۰۰۰,۴
386,۸۸,۱۳۹۰,۱, بهارستان,۱۸۴۸۰۰۰۰۰۰,0
387,۵۳,۱۳۹۳,۱, صفا,۲۹۷۰۰۰۰۰۰۰,0
388,۱۶۰,۱۴۰۱,۳, شهرک غرب,۴۱۶۰۰۰۰۰۰۰۰,۲ 
389,۱۵۳,۱۳۹۹,۳, آرارات,۲۶۰۰۰۰۰۰۰۰۰,۲
390,۵۰,۱۳۷۶,۱, هفت چنار,۲۸۰۰۰۰۰۰۰۰,۱
391,۱۵۵,۱۳۹۰,۳, میرداماد,۱۷۰۰۰۰۰۰۰۰۰,۳
392,۱۴۰,۱۳۹۵,۲, اختیاریه,۱۸۲۰۰۰۰۰۰۰۰,۲
393,۹۰,۱۳۸۳,۲, اباذر,۸۸۰۰۰۰۰۰۰۰,۲ 
394,۵۰,۱۳۹۱,۱, خانی‌آباد نو,۲۵۰۰۰۰۰۰۰۰,0
395,۲۰۰,۱۴۰۲,۳, زعفرانیه,۹۰۰۰۰۰۰۰۰۰۰,۵
396,۶۲,۱۳۹۵,۱, دولاب,۳۳۵۰۰۰۰۰۰۰,0
397,۵۷,۱۳۸۵,۲, تهران‌سر,۳۳۳۰۰۰۰۰۰۰,۲
398,۱۲۷,۱۳۹۸,۳, دریاچه شهدای خلیج فارس,۱۶۰۰۰۰۰۰۰۰۰,۱۴ 
399,۵۳,۱۳۸۶,۱, مولوی,۲۱۵۰۰۰۰۰۰۰,0
400,۵۵,۱۳۸۷,۱, شهر زیبا,۵۲۵۰۰۰۰۰۰۰,۴ 
401,۹۰,۱۳۹۷,۲, شهران جنوبی,۸۵۰۰۰۰۰۰۰۰,۱ 
402,۸۰,۱۳۸۶,۲, شهر زیبا,۷۴۵۰۰۰۰۰۰۰,۴ 
403,۱۵۹,۱۳۹۸,۳, دهکده المپیک,۱۷۸۰۰۰۰۰۰۰۰,۳ 
404,۲۳۵,۱۴۰۰,۳, قیطریه,۵۶۰۰۰۰۰۰۰۰۰,۳ 
405,۱۱۲,۱۳۹۶,۲, جنت‌آباد جنوبی,۱۴۵۰۰۰۰۰۰۰۰,۳ 
406,۱۱۰,۱۴۰۲,۲, پاسداران,۱۴۰۰۰۰۰۰۰۰۰,۱۱ 
407,۴۴,۱۳۸۵,۱, آذربایجان,۳۹۹۰۰۰۰۰۰۰,۲ 
408,۸۹,۱۳۸۸,۲, شمس‌آباد,۱۰۶۵۰۰۰۰۰۰۰,۱
409,۱۴۹,۱۳۹۱,۳, شهر زیبا,۱۱۵۰۰۰۰۰۰۰۰,۱ 
410,۱۱۲,۱۴۰۲,۲, چیتگر,۷۸۵۰۰۰۰۰۰۰,0
411,۸۵,۱۴۰۲,۲, دریاچه شهدای خلیج فارس,۱۲۷۵۰۰۰۰۰۰,۱۲
412,۲۰۰,۱۳۹۲,۳, درب دوم,۳۵۵۰۰۰۰۰۰۰۰,۱ 
413,۱۴۰,۱۳۹۳,۳, جنت‌آباد جنوبی,۱۸۲۰۰۰۰۰۰۰۰,۵ 
414,۸۵,۱۳۹۰,۲, سعادت‌آباد,۱۲۷۰۰۰۰۰۰۰۰,۴
415,۵۵,۱۳۸۷,۱, جیحون,۳۵۰۰۰۰۰۰۰۰,۲ 
416,۱۱۶,۱۴۰۱,۲, پاسداران,۱۴۵۰۰۰۰۰۰۰۰,۸ 
417,۱۲۰,۱۴۰۲,۲, جنت‌آباد جنوبی,۱۷۵۰۰۰۰۰۰۰۰,۳
418,۱۱۱,۱۳۹۶,۲, شهرک غرب,۲۴۲۰۰۰۰۰۰۰۰,۱
419,۶۵,۱۳۸۵,۱, پونک,۵۷۰۰۰۰۰۰۰۰,۱
420,۹۵,۱۴۰۲,۲, بریانک,۶۲۰۰۰۰۰۰۰۰,۳ 
421,۱۲۲,۱۴۰۱,۳, جی,۷۵۰۳۰۰۰۰۰۰,۳ 
422,۱۴۲,۱۳۹۷,۲, آرژانتین,۲۱۳۰۰۰۰۰۰۰۰,0
423,۶۲,۱۳۹۸,۲, مبارک‌آباد بهشتی,۱۸۰۰۰۰۰۰۰۰,۱
424,۲۰۷,۱۳۸۸,۳, ولنجک,۳۳۰۰۰۰۰۰۰۰۰,۳ 
425,۳۵,۱۳۹۸,۱, آجودانیه,۲۷۰۰۰۰۰۰۰۰۰,۳
426,۱۳۸,۱۳۹۸,۲, ولنجک,۱۹۰۰۰۰۰۰۰۰۰,۳
427,۵۳,۱۳۹۲,۱, لشکر,۳۵۵۰۰۰۰۰۰۰,۱
428,۱۰۰,۱۴۰۰,۲, مبارک‌آباد بهشتی,۳۳۰۰۰۰۰۰۰۰,۲
429,۸۴,۱۳۸۴,۲, ایران,۴۷۰۰۰۰۰۰۰۰,۴
430,۴۱,۱۳۷۶,0, بریانک,۱۶۱۰۰۰۰۰۰۰,0
431,۱۸۸,۱۴۰۲,۳, زعفرانیه,۵۳۰۰۰۰۰۰۰۰۰,۳ 
432,۳۴۵,۱۳۹۵,4, سعادت‌آباد,۶۵۰۰۰۰۰۰۰۰۰,۶
433,۱۱۸,۱۳۸۶,۳, سهروردی,۱۴۵۰۰۰۰۰۰۰۰,۴ 
434,۱۳۷,۱۴۰۰,۲, جردن,۲۱۵۰۰۰۰۰۰۰۰,۴ 
435,۱۰۵,۱۴۰۰,۲, دربند,۱۳۵۰۰۰۰۰۰۰۰,۲
436,۴۳,۱۳۹۳,۱, لشکر,۲۸۳۰۰۰۰۰۰۰,۲
437,۸۶,۱۳۹۴,۲, جنت‌آباد مرکزی,۱۰۵۰۰۰۰۰۰۰۰,۲
438,۶۳,۱۳۸۳,۲, جنت‌آباد مرکزی,۶۶۱۰۰۰۰۰۰۰,۲ 
439,۲۰۲,۱۴۰۲,۳, سعادت‌آباد,۴۰۰۰۰۰۰۰۰۰۰,۵
440,۲۳۵,۱۴۰۲,۳, سعادت‌آباد,۷۰۰۰۰۰۰۰۰۰۰,۴
441,۱۶۵,۱۴۰۲,۳, دریاچه شهدای خلیج فارس,۱۱۵۰۰۰۰۰۰۰۰,۱۲ 
442,۱۰۶,۱۴۰۲,۲, استاد معین,۸۱۶۰۰۰۰۰۰۰,۳ 
443,۲۳۵,۱۴۰۱,۳, کوهک,۳۰۵۵۰۰۰۰۰۰۰,۱۹
444,۲۴۰,۱۳۹۵,۳, دروس,۴۸۰۰۰۰۰۰۰۰۰,۳ 
445,۱۹۰,۱۳۸۴,۳, دروس,۳۱۰۰۰۰۰۰۰۰۰,۲
446,۹۳,۱۳۹۳,۲, دروس,۱۷۶۵۰۰۰۰۰۰۰,0
447,۱۶۰,۱۳۹۷,۳, سعادت‌آباد,۲۶۹۹۹۰۰۰۰۰۰,۲ 
448,۱۳۰,۱۳۹۸,۲, دریاچه شهدای خلیج فارس,۱۴۵۰۰۰۰۰۰۰۰,۱۹
449,۱۲۲,۱۳۸۵,۲, پاسداران,۱۴۰۰۰۰۰۰۰۰۰,۲ 
450,۲۵۰,۱۴۰۲,۴, دریاچه شهدای خلیج فارس,۵۵۰۰۰۰۰۰۰۰,۱۸ 
451,۱۵۰,۱۴۰۱,۳, سعادت‌آباد,۳۰۰۰۰۰۰۰۰۰۰,۵ 
452,۶۱,۱۳۸۲,۱, قنات‌کوثر,۴۵۰۰۰۰۰۰۰۰,0
453,۹۲,۱۳۸۱,۲, اباذر,۶۵۰۰۰۰۰۰۰۰,۳
454,۷۰,۱۳۹۲,۱, نعمت‌آباد,۲۴۵۰۰۰۰۰۰۰,0
455,۴۷,۱۳۹۷,۱, جیحون,۳۱۲۰۰۰۰۰۰۰,۱ 
456,۷۲,۱۳۹۱,۲, تهرانپارس شرقی,۵۱۰۰۰۰۰۰۰۰,۵
457,۱۴۰,۱۳۹۷,۳, دروس,۲۴۸۰۰۰۰۰۰۰۰,۲ 
458,۹۶,۱۳۹۷,۲, زنجان,۶۳۵۰۰۰۰۰۰۰,۱ 
459,۱۱۵,۱۴۰۲,۳, دیلمان,۹۳۰۰۰۰۰۰۰۰,۳
460,۸۸,۱۳۹۲,۲, ازگل,۲۱۰۰۰۰۰۰۰۰۰,۳
461,۵۸,۱۳۸۳,۲, کوی فردوس,۵۶۵۰۰۰۰۰۰۰,0
462,۵۴,۱۳۸۱,۱, کوی فردوس,۴۸۰۰۰۰۰۰۰۰,0
463,۵۷,۱۳۸۷,۱, سازمان برنامه,۵۲۰۰۰۰۰۰۰۰,0
464,۶۷,۱۴۰۲,۱, پونک,۸۹۸۰۰۰۰۰۰۰,۳ 
465,۷۳,۱۴۰۰,۲, فرمانیه,۱۱۵۰۰۰۰۰۰۰۰,۲ 
466,۱۱۴,۱۴۰۰,۲, سوهانک,۱۴۸۰۰۰۰۰۰۰۰,۲ 
467,۸۵,۱۴۰۰,۲, حکیمیه,۱۰۵۰۰۰۰۰۰۰,0
468,۱۲۰,۱۳۹۴,۲, دریاچه شهدای خلیج فارس,۸۳۰۰۰۰۰۰۰۰,0
469,۶۰,۱۳۷۷,۱, خانی‌آباد نو,۵۸۰۰۰۰۰۰۰۰,0
470,۱۷۶,۱۴۰۰,۳, مرزداران,۳۳۰۰۰۰۰۰۰۰۰,۳ 
471,۱۱۶,۱۳۸۶,۳, شهران جنوبی,۱۲۲۰۰۰۰۰۰۰۰,۵ 
472,۸۲,۱۳۸۰,۲, آذربایجان,۴۲۵۰۰۰۰۰۰۰,۱ 
473,۱۲۸,۱۳۹۲,۳, ایوانک,۲۱۸۰۰۰۰۰۰۰۰,۳ 
474,۱۰۷,۱۳۹۳,۲, پونک,۱۲۶۰۰۰۰۰۰۰۰,۵ 
475,۷۵,۱۳۸۸,۲, افسریه,۴۵۰۰۰۰۰۰۰۰,0
476,۵۰,۱۳۸۲,۱, جی,۲۸۵۰۰۰۰۰۰۰,۳ 
477,۱۸۲,۱۴۰۰,۳, جنت‌آباد مرکزی,۲۲۸۰۰۰۰۰۰۰۰,۳ 
478,۶۸,۱۳۸۰,۲, پونک,۶۳۰۰۰۰۰۰۰۰,0
479,۲۶۰,۱۳۸۴,۴, فرمانیه,۳۸۰۰۰۰۰۰۰۰۰,۶
480,۴۶,۱۳۹۵,۱, جیحون,۳۱۰۰۰۰۰۰۰۰,۴ 
481,۱۰۶,۱۴۰۰,۲, دریاچه شهدای خلیج فارس,۱۰۶۰۰۰۰۰۰۰۰,۷
482,۷۸,۱۳۸۵,۲, کوی فردوس,۷۹۵۰۰۰۰۰۰۰,۱ 
483,۹۸,۱۳۹۵,۲, جنت‌آباد جنوبی,۹۶۰۰۰۰۰۰۰۰,۳ 
484,۵۳,۱۳۷۶,۱, تهرانپارس شرقی,۴۲۵۰۰۰۰۰۰۰,0
485,۱۶۸,1370,۲, عباس‌آباد,۱۶۵۰۰۰۰۰۰۰۰,0
486,۱۷۰,۱۳۹۷,۳, نیاوران,۴۲۰۰۰۰۰۰۰۰۰,۱
487,۷۹,۱۳۹۳,۲, کوی فردوس,۸۰۰۰۰۰۰۰۰۰,۴ 
488,۸۸,۱۳۸۵,۲, شهرک پرواز,۷۰۰۰۰۰۰۰۰۰,۴ 
489,۱۴۰,۱۳۹۶,۲, شهرک شهید باقری,۹۷۳۰۰۰۰۰۰۰,۳ 
490,۲۲۵,۱۳۸۸,۳, زعفرانیه,۵۲۸۷۵۰۰۰۰۰۰,۶
491,۵۴,۱۳۸۰,۱, جیحون,۳۶۰۰۰۰۰۰۰۰,۱ 
492,۹۶,۱۳۸۹,۲, پونک,۹۹۰۰۰۰۰۰۰۰,۱ 
493,۱۴۸,۱۴۰۱,۳, سلسبیل,۱۲۰۰۰۰۰۰۰۰,0
494,۱۳۰,۱۳۸۶,۲, قیطریه,۱۷۸۰۰۰۰۰۰۰۰,۵
495,۱۸۵,۱۳۸۵,۳, ونک,۲۰۳۵۰۰۰۰۰۰۰,۵ 
496,۳۳۵,۱۳۹۵,۴, الهیه,۸۴۰۰۰۰۰۰۰۰۰,۲۴
497,۱۰۹,۱۳۷۹,۲, ظفر,۱۲۲۰۰۰۰۰۰۰۰,۲
498,۴۰,۱۳۸۸,۱, مسعودیه,۲۵۰۰۰۰۰۰۰۰,0
499,۶۵,۱۴۰۲,۲, آبشار,۲۵۰۰۰۰۰۰۰۰,۱۰
500,۸۵,۱۳۸۰,۲, اقدسیه,۸۲۰۰۰۰۰۰۰۰,0
501,۱۱۵,۱۳۹۵,۲, زعفرانیه,۳۰۰۰۰۰۰۰۰۰۰,۴
502,۱۸۵,۱۴۰۱,۳, زعفرانیه,۴۵۰۰۰۰۰۰۰۰۰,۵
503,۹۵,۱۳۹۸,۲, نارمک,۱۱۰۰۰۰۰۰۰۰۰,۱ 
504,۵۳,۱۳۹۶,۲, اندیشه (شهر زیبا),۱۹۰۰۰۰۰۰۰۰,۱ 
505,۱۱۶,۱۳۹۲,۲, سعادت‌آباد,۱۴۰۰۰۰۰۰۰۰۰,۲
506,۵۶,۱۳۹۱,۱, امامزاده حسن(ع),۳۹۵۰۰۰۰۰۰۰,۴ 
507,۱۳۹,۱۴۰۲,۳, پونک,۲۳۰۰۰۰۰۰۰۰۰,۵
508,۱۱۸,۱۴۰۱,۲, میرداماد,۱۹۵۰۰۰۰۰۰۰۰,۲
509,۸۰,۱۳۸۹,۲, شهرآرا,۸۷۵۰۰۰۰۰۰۰,۲
510,۲۱۷,۱۳۹۹,۳, زعفرانیه,۸۸۰۰۰۰۰۰۰۰۰,۴
511,۸۰,۱۴۰۲,۲, مبارک‌آباد بهشتی,۲۴۰۰۰۰۰۰۰۰,۲
512,۳۱۸,۱۳۸۵,۳, الهیه,۶۲۰۰۰۰۰۰۰۰۰,۶
513,۱۲۴,۱۳۸۷,۲, ایران,۸۴۰۰۰۰۰۰۰۰,0
514,۷۵,۱۳۹۵,۲, مرزداران,۸۹۰۰۰۰۰۰۰۰,۴ 
515,۱۰۵,۱۳۹۹,۲, ظفر,۱۶۲۷۵۰۰۰۰۰۰,۵
516,۱۵۵,۱۴۰۲,۳, کوی فراز,۲۷۰۰۰۰۰۰۰۰۰,۱ 
517,۹۵,۱۳۹۵,۲, نیاوران,۱۵۵۰۰۰۰۰۰۰۰,۱ 
518,۸۰,۱۴۰۲,۲, خواجه نظام الملک,۶۳۰۰۰۰۰۰۰۰,۴ 
519,۳۶,۱۳۹۷,0, آذربایجان,۲۵۰۰۰۰۰۰۰۱,۱ 
520,۹۳,۱۴۰۰,۲, مبارک‌آباد بهشتی,۲۹۰۰۰۰۰۰۰۰,۳
521,۸۰,۱۴۰۲,۲, جمهوری,۳۶۰۰۰۰۰۰۰۰,۴
522,۷۰,۱۳۸۶,۲, ستارخان,۷۶۰۰۰۰۰۰۰۰,۶ 
523,۱۱۵,۱۳۹۵,۲, مرزداران,۱۴۵۶۰۰۰۰۰۰۰,۴ 
524,۱۸۰,۱۳۹۹,۳, ولنجک,۴۱۰۰۰۰۰۰۰۰۰,۵ 
525,۲۲۰,1370,۴, بلوار کشاورز,۱۳۲۰۰۰۰۰۰۰۰,۲ 
526,۵۱,۱۳۹۵,۱, جیحون,۳۳۰۰۰۰۰۰۰۰,۴ 
527,۷۷,۱۳۷۷,۲, سیزده آبان,۳۲۰۰۰۰۰۰۰۰,0
528,۱۲۳,۱۴۰۲,۲, پاسداران,۱۶۰۰۰۰۰۰۰۰۰,۱۲ 
529,۵۵,۱۳۹۰,۱, وردآورد,۳۰۰۰۰۰۰۰۰۰,0
530,۳۸۰,۱۳۹۹,۳, زعفرانیه,۱۰۰۰۰۰۰۰۰۰۰۰,۸
531,۹۵,۱۴۰۲,۲, نازی‌آباد,۸۱۰۰۰۰۰۰۰۰,0
532,۳۲۰,۱۳۹۷,۳, زعفرانیه,۵۰۰۰۰۰۰۰۰۰۰,۲
533,۱۳۰,۱۳۸۸,۲, ولنجک,۲۰۰۰۰۰۰۰۰۰۰,۱۰
534,۴۲,۱۳۸۰,۱, بریانک,۲۲۵۰۰۰۰۰۰۰,۲ 
535,۶۸,۱۳۹۴,۲, اندیشه (شهر زیبا),۱۸۰۰۰۰۰۰۰۰,0
536,۴۰,۱۳۸۲,۱, پیروزی,۲۵۳۰۰۰۰۰۰۰,۱ 
537,۸۲,۱۳۸۲,۲, کوی فردوس,۷۵۰۰۰۰۰۰۰۰,۴
538,۱۰۱,۱۳۹۷,۲, کوی فردوس,۱۱۱۰۰۰۰۰۰۰۰,۲
539,۵۹,۱۳۹۱,۲, اندیشه (شهر زیبا),۱۹۵۰۰۰۰۰۰۰,۲ 
540,۲۴۳,۱۳۹۲,۳, زعفرانیه,۶۰۰۰۰۰۰۰۰۰۰,۹
541,۲۱۹,۱۳۹۷,۳, پاسداران,۴۱۱۰۰۰۰۰۰۰۰,۴ 
542,۳۷۰,۱۳۹۷,۴, پاسداران,۹۰۰۰۰۰۰۰۰۰۰,۴ 
543,۲۷۰,۱۳۹۷,۴, پاسداران,۴۸۵۰۰۰۰۰۰۰۰,۴ 
544,۶۳,۱۳۸۷,۱, نازی‌آباد,۳۵۰۰۰۰۰۰۰۰,0
545,۵۰,۱۳۸۲,۱, امیرآباد,۴۹۰۰۰۰۰۰۰۰,۲ 
546,۶۹,۱۳۹۴,۲, هفت چنار,۴۷۰۰۰۰۰۰۰۰,۱ 
547,۲۴۰,۱۴۰۲,۳, فرمانیه,۵۲۵۰۰۰۰۰۰۰۰,۲۲
548,۱۱۳,۱۳۹۴,۲, جنت‌آباد مرکزی,۱۲۵۰۰۰۰۰۰۰۰,۳ 
549,۱۶۰,۱۴۰۱,۳, پاسداران,۲۸۸۰۰۰۰۰۰۰۰,۳ 
550,۱۲۷,۱۳۹۰,۲, آبشار تهران,۷۷۵۰۰۰۰۰۰۰,۴
551,۱۸۰,۱۴۰۲,۳, پاسداران,۴۴۰۰۰۰۰۰۰۰۰,۴ 
552,۱۹۴,۱۴۰۲,۳, پاسداران,۲۲۳۱۰۰۰۰۰۰۰,۹ 
553,۱۱۰,۱۳۸۹,۲, ولنجک,۱۸۸۰۰۰۰۰۰۰۰,۵
554,۴۲,۱۳۹۷,۱, خزانه,۲۱۴۵۰۰۰۰۰۰,۱ 
555,۶۷,۱۳۹۴,۲, اندیشه (شهر زیبا),۳۳۷۰۰۰۰۰۰۰,۲ 
556,۱۷۰,۱۳۹۸,۳, میرداماد,۲۷۰۰۰۰۰۰۰۰۰,۴
557,۲۵۵,۱۳۸۵,۴, فرمانیه,۳۸۰۰۰۰۰۰۰۰۰,۵ 
558,۲۰۰,۱۴۰۱,۳, زعفرانیه,۶۰۰۰۰۰۰۰۰۰۰,۲
559,۱۸۱,۱۳۹۲,۳, پاسداران,۲۹۰۰۰۰۰۰۰۰۰,۳ 
560,۱۸۳,۱۳۹۲,۳, نیاوران,۳۳۴۸۵۰۰۰۰۰۰,۲
561,۱۱۰,۱۴۰۱,۲, پاسداران,۱۴۰۰۰۰۰۰۰۰۰,۷
562,۲۷۰,۱۳۹۶,۳, نیاوران,۶۲۰۰۰۰۰۰۰۰۰,۶ 
563,۴۰,۱۴۰۲,۱, سبلان,۲۸۲۰۰۰۰۰۰۰,۲ 
564,۶۷,۱۳۸۵,۲, شهرک شهید باقری,۵۱۰۰۰۰۰۰۰۰,۴
565,۱۲۵,۱۳۹۱,۳, سرو آزاد,۹۵۰۰۰۰۰۰۰۰,۳ 
566,۷۶,۱۳۹۶,۱, هروی,۹۸۰۰۰۰۰۰۰۰,۲ 
567,۱۰۲,۱۳۸۵,۲, شهران شمالی,۱۰۸۰۰۰۰۰۰۰۰,۱ 
568,۱۲۰,۱۳۸۵,۲, سعادت‌آباد,۱۶۰۰۰۰۰۰۰۰۰,۱ 
569,۱۳۴,۱۳۹۷,۲, کامرانیه,۲۳۲۰۰۰۰۰۰۰۰,۱ 
570,۸۹,۱۳۹۹,۲, وحیدیه,۶۶۰۰۰۰۰۰۰۰,۵
571,۱۳۱,۱۳۸۲,۲, شهرک غرب,۳۰۷۸۵۰۰۰۰۰۰,0
572,۱۱۲,۱۴۰۲,۲, صادقیه,۲۵۷۶۰۰۰۰۰۰,۱۰
573,۷۴,۱۳۸۲,۲, جنت‌آباد جنوبی,۷۰۰۰۰۰۰۰۰۰,۴
574,۱۰۰,۱۴۰۲,۲, دریاچه شهدای خلیج فارس,۲۲۰۰۰۰۰۰۰۰۰,۱۵ 
575,۱۵۱,۱۳۸۸,۳, دروس,۲۰۴۵۰۰۰۰۰۰۰,۵
576,۱۰۰,۱۴۰۲,۲, دریاچه شهدای خلیج فارس,۲۶۰۰۰۰۰۰۰۰,۸ 
577,۲۷۷,۱۳۹۱,۴, دروس,۳۴۰۰۰۰۰۰۰۰۰,۳
578,۱۱۸,۱۴۰۲,۲, قیطریه,۲۹۰۰۰۰۰۰۰۰۰,۵ 
579,۹۵,1370,۲, سلسبیل,۴۷۰۰۰۰۰۰۰۰,0
580,۹۷,۱۳۹۵,۲, اختیاریه,۱۳۱۰۰۰۰۰۰۰۰,۳ 
581,۱۸۰,۱۳۸۸,۳, الهیه,۲۳۰۰۰۰۰۰۰۰۰,۵
582,۱۱۱,۱۳۸۷,۲, اختیاریه,۱۳۰۰۰۰۰۰۰۰۰,۱
583,۲۱۷,۱۴۰۲,۳, پاسداران,۳۴۶۰۰۰۰۰۰۰۰,۱
584,۱۰۸,۱۳۸۰,۲, زعفرانیه,۱۸۵۰۰۰۰۰۰۰۰,۳ 
585,۶۵,۱۳۸۶,۲, شهرک کیانشهر,۲۲۰۰۰۰۰۰۰۰,0
586,۱۸۳,۱۴۰۱,۳, هروی,۱۹۸۰۰۰۰۰۰۰۰,۷ 
587,۱۳۶,۱۳۹۸,۳, پاسداران,۱۶۷۰۰۰۰۰۰۰۰,۴ 
588,۱۴۰,۱۴۰۰,۳, اباذر,۱۸۵۰۰۰۰۰۰۰۰,۵ 
589,۵۳,۱۳۹۵,۱, سیزده آبان,۲۵۲۰۰۰۰۰۰۰,0
590,۱۳۵,۱۳۹۹,۲, ازگل,۲۲۹۵۰۰۰۰۰۰۰,۹ 
591,۱۱۰,۱۳۹۴,۲, تاکسیرانی,۱۰۰۰۰۰۰۰۰۰۰,0
592,۱۰۶,۱۳۹۶,۲, جردن,۱۴۳۵۰۰۰۰۰۰۰,۳ 
593,۱۶۲,۱۴۰۲,۳, اتابک,۲۶۹۵۰۰۰۰۰۰,0
594,۱۲۵,۱۳۸۷,۲, الهیه,۱۸۵۰۰۰۰۰۰۰۰,۳ 
595,۳۱۰,۱۴۰۲,۴, الهیه,۹۳۰۰۰۰۰۰۰۰۰,۶
596,۴۱,۱۳۸۰,۱, جی,۲۴۰۰۰۰۰۰۰۰,۳ 
597,۱۶۵,۱۴۰۲,۳, کوی فردوس,۱۸۵۰۰۰۰۰۰۰۰,۴
598,۱۲۵,۱۴۰۲,۲, آبشار تهران,۳۴۰۰۰۰۰۰۰۰,۲۲
599,۸۴,۱۳۹۷,۲, جنت‌آباد شمالی,۹۵۹۰۰۰۰۰۰۰,۵ 
600,۶۵,۱۳۹۸,۱, شهران جنوبی,۶۴۰۰۰۰۰۰۰۰,۸ 
601,۱۷۵,۱۳۹۷,۳, هروی,۲۷۰۰۰۰۰۰۰۰۰,۲ 
602,۶۰,۱۳۸۶,۱, فلاح,۲۰۷۰۰۰۰۰۰۰,۱ 
603,۸۶,۱۳۹۰,۲, سازمان برنامه,۸۲۰۰۰۰۰۰۰۰,۲
604,۶۰,۱۳۹۲,۱, دروس,۹۹۵۰۰۰۰۰۰۰,۱ 
605,۷۸,۱۳۸۶,۲, سازمان برنامه,۶۸۸۰۰۰۰۰۰۰,۱ 
606,۲۴۰,۱۴۰۲,۳, زعفرانیه,۶۷۰۰۰۰۰۰۰۰,۲
607,۵۱,۱۳۹۵,۱, مولوی,۲۰۰۰۰۰۰۰۰۰,۱ 
608,۷۸,۱۳۹۹,۲, مولوی,۲۴۹۰۰۰۰۰۰۰,۴ 
609,۵۳,۱۴۰۰,۱, سعادت‌آباد,۱۲۰۰۰۰۰۰۰۰۰,۳ 
610,۹۰,۱۳۸۲,۲, شهرک نفت (منطقه ۵),۸۵۰۰۰۰۰۰۰۰,۲
611,۸۸,۱۳۹۵,۲, جنت‌آباد جنوبی,۹۲۰۰۰۰۰۰۰۰,۵ 
612,۱۱۵,۱۳۹۷,۲, ستارخان,۱۲۳۰۰۰۰۰۰۰۰,۴ 
613,۱۳۷,۱۴۰۲,۲, نیرو هوایی,۱۲۳۳۰۰۰۰۰۰۰,0
614,۱۰۱,۱۳۸۶,۲, جنت‌آباد مرکزی,۹۳۰۰۰۰۰۰۰۰,۲
615,۱۱۴,۱۴۰۱,۲, هفت حوض,۱۳۷۰۰۰۰۰۰۰۰,۴ 
616,۸۰,۱۳۷۹,۲, سازمان برنامه,۸۱۸۰۰۰۰۰۰۰,۵
617,۱۰۳,۱۳۸۸,۲, سازمان برنامه,۹۷۰۰۰۰۰۰۰۰,۲ 
618,۴۵,۱۳۸۹,۱, یافت‌آباد,۲۰۰۰۰۰۰۰۰۰,0
619,۱۱۰,۱۴۰۲,۲, دریاچه شهدای خلیج فارس,۱۰۰۰۰۰۰۰۰۰۰,۴ 
620,۶۱,۱۳۸۰,۲, بهار,۴۹۰۰۰۰۰۰۰۰,۲ 
621,۱۲۰,۱۴۰۱,۲, زعفرانیه,۳۶۰۰۰۰۰۰۰۰۰,۳
622,۴۰,۱۳۸۳,۱, پیروزی,۲۷۵۰۰۰۰۰۰۰,0
623,۶۴,۱۳۸۵,۲, جنت‌آباد جنوبی,۵۸۰۰۰۰۰۰۰۰,۳
624,۶۰,۱۳۹۸,۱, مبارک‌آباد بهشتی,۲۰۴۰۰۰۰۰۰۰,۱
625,۷۴,۱۳۹۲,۱, دانشگاه شریف,۵۷۵۰۰۰۰۰۰۰,۳ 
626,۱۱۰,۱۴۰۲,۲, آبشار تهران,۳۳۰۰۰۰۰۰۰۰,۱۷ 
627,۶۷,۱۳۹۷,۱, مبارک‌آباد بهشتی,۱۷۴۰۰۰۰۰۰۰,۳ 
628,۱۱۲,۱۳۹۵,۳, مرزداران,۱۲۵۰۰۰۰۰۰۰۰,۴
629,۴۴,۱۳۸۲,۱, جنت‌آباد شمالی,۵۳۹۵۰۰۰۰۰۰,۳ 
630,۲۰۰,۱۳۹۹,۳, نیاوران,۳۹۰۰۰۰۰۰۰۰۰,۵
631,۱۸۵,۱۴۰۲,۳, سعادت‌آباد,۴۶۲۵۰۰۰۰۰۰۰,0
632,۱۱۲,۱۴۰۲,۲, دهکده المپیک,۱۴۰۰۰۰۰۰۰۰۰,۲ 
633,۵۴۰,۱۴۰۲,4, زعفرانیه,۲۳۷۶۰۰۰۰۰۰۰۰,۸
634,۸۲,۱۳۹۵,۲, پونک,۸۲۵۰۰۰۰۰۰۰,۲ 
635,۹۸,۱۴۰۱,۲, مرزداران,۱۵۷۰۰۰۰۰۰۰۰,۱ 
636,۱۰۲,1370,۲, گیشا (کوی نصر),۱۴۰۰۰۰۰۰۰۰۰,0
637,۴۵۵,۱۴۰۲,۴, الهیه,۱۶۰۰۰۰۰۰۰۰۰۰,۸
638,۹۵,۱۳۹۲,۲, بهار,۸۷۰۰۰۰۰۰۰۰,۲ 
639,۹۴,۱۳۹۴,۲, سازمان برنامه,۸۹۰۰۰۰۰۰۰۰,۲ 
640,۱۱۷,۱۴۰۲,۲, پاسداران,۱۴۵۰۰۰۰۰۰۰۰,۷ 
641,۱۲۹,۱۳۹۲,۳, پونک,۱۵۸۰۰۰۰۰۰۰۰,۴
642,۱۲۳,۱۳۹۳,۲, باغ فیض,۱۱۸۰۰۰۰۰۰۰۰,۱ 
643,۷۷,۱۳۹۵,۲, کرمان,۷۵۰۰۰۰۰۰۰۰,0
644,۱۱۲,۱۴۰۲,۲, کوهک,۱۹۰۴۰۰۰۰۰۰,۱۰
645,۱۲۰,۱۳۹۴,۲, کوی فردوس,۱۳۵۰۰۰۰۰۰۰۰,۲ 
646,۱۸۵,۱۴۰۱,۳, فرمانیه,۲۴۰۵۰۰۰۰۰۰۰,۸ 
647,۱۱۲,۱۳۸۵,۲, میرداماد,۱۳۸۵۰۰۰۰۰۰۰,۳ 
648,۱۰۳,۱۴۰۱,۲, هروی,۱۳۹۰۰۰۰۰۰۰۰,۷ 
649,۱۸۰,۱۴۰۱,۳, پاسداران,۲۱۶۰۰۰۰۰۰۰۰,۶ 
650,۲۱۰,۱۳۸۸,۳, الهیه,۴۰۰۰۰۰۰۰۰۰۰,۳ 
651,۱۲۹,۱۴۰۱,۲, پاسداران,۱۷۰۰۰۰۰۰۰۰۰,۷
652,۱۰۳,۱۳۸۳,۲, پونک,۱۲۵۰۰۰۰۰۰۰۰,۶ 
653,۱۰۶,۱۴۰۲,۲, مرزداران,۱۴۰۰۰۰۰۰۰۰۰,۴ 
654,۷۵,۱۴۰۲,۲, مبارک‌آباد بهشتی,۲۱۷۵۰۰۰۰۰۰,۲
655,۱۵۰,۱۴۰۲,۳, پیروزی,۲۲۵۰۰۰۰۰۰۰۰,۳
656,۸۸,۱۳۹۹,۲, مبارک‌آباد بهشتی,۲۶۶۰۰۰۰۰۰۰,۲
657,۶۰,۱۳۸۰,۱, بهارستان,۳۰۰۰۰۰۰۰۰۰,0
658,۵۰,۱۴۰۱,۱, پلیس,۳۴۰۰۰۰۰۰۰۰,۳ 
659,۱۰۸,۱۴۰۲,۲, پاسداران,۱۶۲۰۰۰۰۰۰۰۰,۳ 
660,۷۰,۱۳۹۵,۲, آبشار,۵۵۰۰۰۰۰۰۰۰,0
661,۱۲۲,۱۳۹۳,۲, گیشا (کوی نصر),۱۶۵۰۰۰۰۰۰۰۰,۲ 
662,۵۰,۱۳۹۱,۱, پیروزی,۴۰۰۰۰۰۰۰۰۰,0
663,۹۰,۱۴۰۲,۲, اوقاف,۱۰۰۰۰۰۰۰۰۰,0
664,۱۱۰,۱۳۹۷,۲, گیشا (کوی نصر),۱۸۵۰۰۰۰۰۰۰۰,۵ 
665,۶۸,۱۳۹۰,۲, پونک,۷۶۵۰۰۰۰۰۰۰,۲
666,۱۰۵,۱۳۹۲,۲, دریان‌نو,۱۲۷۰۰۰۰۰۰۰۰,0
667,۷۱,۱۳۹۴,۲, گرگان,۴۸۲۸۰۰۰۰۰۰,۲ 
668,۱۰۳,۱۳۸۹,۲, ایران,۸۵۰۰۰۰۰۰۰۰,0
669,۱۱۰,۱۳۸۴,۲, اباذر,۸۷۰۰۰۰۰۰۰۰,۲ 
670,۱۱۰,۱۴۰۲,۲, یوسف‌آباد,۱۷۰۰۰۰۰۰۰۰۰,۴ 
671,۵۳,۱۳۹۲,۱, شمیران‌نو,۱۲۵۰۰۰۰۰۰۰,0
672,۱۵۰,۱۴۰۲,۳, یوسف‌آباد,۲۲۰۰۰۰۰۰۰۰۰,۵ 
673,۵۸,۱۳۷۶,۱, مجیدیه,۳۸۰۰۰۰۰۰۰۰,0
674,۹۲,۱۴۰۲,۲, یوسف‌آباد,۱۶۱۰۰۰۰۰۰۰۰,۳ 
675,۶۰,۱۳۸۹,۱, خاوران,۳۰۰۰۰۰۰۰۰۰,۴
676,۱۴۵,۱۳۹۲,۳, دریاچه شهدای خلیج فارس,۱۲۳۲۵۰۰۰۰۰۰,۱۰ 
677,۱۱۰,۱۴۰۱,۲, شهرک راه‌آهن,۱۶۶۰۰۰۰۰۰۰,۸
678,۲۰۰,۱۴۰۲,۳, یوسف‌آباد,۴۰۰۰۰۰۰۰۰۰۰,۲ 
679,۷۲,۱۳۹۵,۲, جلیلی,۳۹۶۰۰۰۰۰۰۰,۳ 
680,۱۰۸,۱۳۹۳,۳, هروی,۱۳۲۰۰۰۰۰۰۰۰,۴ 
681,۱۰۰,۱۴۰۲,۲, مرزداران,۱۸۰۰۰۰۰۰۰۰۰,۱
682,۱۶۰,۱۴۰۱,۳, نیاوران,۲۱۹۰۰۰۰۰۰۰۰,۴
683,۱۴۷,۱۳۹۵,۳, پونک,۲۳۳۷۰۰۰۰۰۰۰,۵ 
684,۱۳۱,۱۴۰۱,۲, هروی,۱۵۷۲۰۰۰۰۰۰۰,۱۰ 
685,۸۱,۱۳۹۲,۲, تهرانپارس غربی,۶۵۰۰۰۰۰۰۰۰,۱ 
686,۸۶,۱۴۰۰,۲, چیتگر,۷۳۵۰۰۰۰۰۰۰,۲۲
687,۹۲,۱۴۰۲,۲, سعادت‌آباد,۱۵۲۰۰۰۰۰۰۰۰,۶ 
688,۵۰,۱۳۸۵,۱, میدان حر,۲۸۰۰۰۰۰۰۰۰,۲ 
689,۱۷۰,۱۳۸۴,۳, سعادت‌آباد,۲۷۲۵۰۰۰۰۰۰۰,۵
690,۶۲,۱۳۹۱,۲, سعادت‌آباد,۸۵۵۰۰۰۰۰۰۰,۴ 
691,۶۲,۱۳۸۲,۲, جیحون,۳۷۰۰۰۰۰۰۰۰,۱ 
692,۱۲۷,۱۴۰۱,۳, پاتریس لومومبا,۱۴۷۰۰۰۰۰۰۰۰,۱ 
693,۱۵۰,۱۴۰۲,۳, کامرانیه,۳۲۰۰۰۰۰۰۰۰۰,۱ 
694,۱۲۸,۱۴۰۲,۳, شهرک غرب,۲۳۰۰۰۰۰۰۰۰۰,۵ 
695,۱۲۰,۱۳۸۳,۲, سعادت‌آباد,۱۶۸۰۰۰۰۰۰۰۰,۱
696,۹۰,1370,۲, چیذر,۱۰۸۰۰۰۰۰۰۰۰,۳ 
697,۷۷,۱۳۸۲,۲, جیحون,۴۹۵۰۰۰۰۰۰۰,۲
698,۱۱۲,۱۴۰۲,۲, هروی,۱۴۵۰۰۰۰۰۰۰۰,۸ 
699,۹۸۰,۱۴۰۲,۲, صادقیه,۱۳۷۵۰۰۰۰۰۰۰۰,۵ 
700,۱۳۸,۱۴۰۲,۳, چیتگر,۱۶۵۶۰۰۰۰۰۰,۱۲
701,۱۰۵,۱۳۹۳,۲, جنت‌آباد جنوبی,۱۰۶۰۰۰۰۰۰۰۰,۳ 
702,۷۸,۱۴۰۲,۲, وردآورد,۵۱۰۰۰۰۰۰۰۰,۴ 
703,۹۸,۱۳۸۴,۲, گیشا (کوی نصر),۱۱۰۰۰۰۰۰۰۰۰,۲
704,۸۵,۱۳۸۶,۲, صادقیه,۲۰۰۰۰۰۰۰۰۰,۳ 
705,۱۸۳,۱۳۹۹,۳, فرمانیه,۳۵۰۰۰۰۰۰۰۰۰,۳ 
706,۱۹۴,۱۴۰۲,۳, پاسداران,۲۱۹۲۲۰۰۰۰۰۰,۱۱ 
707,۱۳۱,۱۴۰۰,۲, شهرک امید,۱۶۳۰۰۰۰۰۰۰۰,۱۴
708,۹۳,۱۴۰۲,۲, چیتگر,۸۵۵۰۰۰۰۰۰۰,۱۷
709,۶۳,۱۳۹۲,۱, تهران‌سر,۴۸۰۰۰۰۰۰۰۰,۱ 
710,۳۰۰,۱۴۰۱,۳, ولنجک,۹۰۰۰۰۰۰۰۰۰۰,۱۱ 
711,۱۳۴,۱۳۸۸,۲, شهرک راه‌آهن,۱۱۵۰۰۰۰۰۰۰۰,۱ 
712,۲۰۰,۱۳۹۷,۳, الهیه,۳۶۰۰۰۰۰۰۰۰۰,۶ 
713,۹۰,۱۴۰۰,۲, زنجان,۶۷۰۰۰۰۰۰۰۰,۱ 
714,۱۴۱,۱۴۰۱,۳, سعادت‌آباد,۳۸۰۰۰۰۰۰۰۰۰,۳
715,۱۰۳,۱۴۰۲,۲, پاسداران,۱۲۷۷۲۰۰۰۰۰۰,۴
716,۱۱۰,۱۳۸۹,۲, نیاوران,۱۵۵۰۰۰۰۰۰۰۰,۱ 
717,۱۳۲,۱۳۹۵,۳, کوی فردوس,۱۲۹۵۰۰۰۰۰۰۰,۲
718,۱۰۶,۱۴۰۲,۲, هروی,۱۳۷۸۰۰۰۰۰۰۰,۶
719,۱۲۵,۱۳۹۷,۲, پونک,۱۲۸۰۰۰۰۰۰۰۰,۳ 
720,۱۲۸,۱۴۰۲,۲, دریاچه شهدای خلیج فارس,۳۲۰۰۰۰۵۰۰۰,۶ 
721,۱۰۶,۱۳۹۹,۲, جنت‌آباد مرکزی,۱۴۳۹۰۰۰۰۰۰۰,۶
722,۱۳۰,۱۴۰۱,۳, پاسداران,۱۴۶۵۰۰۰۰۰۰۰,۷
723,۹۴,۱۴۰۲,۲, وردآورد,۲۳۰۰۰۰۰۰۰۰,۸ 
724,۹۰,۱۳۹۴,۲, سلیمانی,۴۳۰۰۰۰۰۰۰۰,۲ 
725,۹۶,۱۴۰۱,۲, مبارک‌آباد بهشتی,۲۷۵۰۰۰۰۰۰۰,۲ 
726,۱۱۰,۱۴۰۱,۳, پاسداران,۱۲۷۰۰۰۰۰۰۰۰,۶
727,۱۶۷,۱۳۹۴,۳, بهجت‌آباد,۱۶۸۰۰۰۰۰۰۰۰,۴ 
728,۱۴۰,۱۳۸۲,۳, سعادت‌آباد,۱۹۰۰۰۰۰۰۰۰۰,۱ 
729,۱۱۰,۱۴۰۰,۲, پاسداران,۱۲۷۵۰۰۰۰۰۰۰,۳
730,۱۰۰,۱۴۰۲,۱, سرو آزاد,۳۳۵۰۰۰۰۰۰۰,۲۴ 
731,۵۵,۱۳۹۸,۱, شهرک تختی,۱۷۰۵۰۰۰۰۰۰,۲
732,۱۸۳,۱۴۰۲,۳, هروی,۲۰۶۷۹۰۰۰۰۰۰,۴
733,۱۳۰,۱۴۰۲,۳, چیتگر,۴۲۲۰۰۰۰۰۰۰,۲۰ 
734,۱۱۱,۱۳۹۷,۳, سعادت‌آباد,۲۴۰۰۰۰۰۰۰۰۰,۵
735,۸۸,۱۴۰۲,۲, دولاب,۵۵۴۴۰۰۰۰۰۰,۴
736,۱۵۷,۱۴۰۱,۳, سعادت‌آباد,۲۸۵۰۰۰۰۰۰۰۰,۱ 
737,۷۰,۱۳۸۸,۲, ارم,۶۸۰۰۰۰۰۰۰۰,۲ 
738,۱۲۰,۱۳۹۷,۳, ظفر,۱۸۰۰۰۰۰۰۰۰۰,۴ 
739,۱۰۰,۱۴۰۲,۲, وردآورد,۲۴۰۰۰۰۰۰۰۰,۱۱ 
740,۸۶,1370,۲, دولت‌آباد,۴۵۰۰۰۰۰۰۰۰,0
741,۵۸,۱۴۰۲,۲, تهران‌سر,۴۰۸۹۰۰۰۰۰۰,۳ 
742,۳۲۰,۱۴۰۲,۴, دروس,۹۰۰۰۰۰۰۰۰۰۰,۵ 
743,۱۰۵,۱۳۷۱,۲, قلهک,۱۵۰۰۰۰۰۰۰۰۰,0
744,۴۴,۱۳۹۵,۱, فلاح,۲۴۸۰۰۰۰۰۰۰,۳ 
745,۱۸۳,۱۴۰۲,۳, هروی,۲۰۶۷۹۰۰۰۰۰۰,۴
746,۶۸,۱۳۸۱,۲, المهدی,۶۲۵۰۰۰۰۰۰۰,۲ 
747,۵۱,۱۳۹۰,۱, امیریه,۲۲۰۰۰۰۰۰۰۰,۴ 
748,۱۰۶,۱۴۰۲,۲, هروی,۱۳۷۸۰۰۰۰۰۰۰,۶
749,۵۷,۱۳۸۷,۱, امیریه,۱۹۸۰۰۰۰۰۰۰,۳
750,۵۲,۱۳۸۰,۱, منیریه,۲۱۸۰۰۰۰۰۰۰,۳ 
751,۵۵,۱۳۸۴,۱, امیر بهادر,۲۷۲۰۰۰۰۰۰۰,۱ 
752,۵۷,۱۳۸۷,۱, امیریه,۲۳۵۰۰۰۰۰۰۰,۱ 
753,۵۲,۱۳۸۷,۱, منیریه,۲۶۹۰۰۰۰۰۰۰,۲ 
754,۵۳,۱۳۸۲,۱, امیر بهادر,۱۶۵۰۰۰۰۰۰۰,0
755,۲۰۰,۱۳۸۲,۳, قلهک,۲۶۶۰۰۰۰۰۰۰۰,۳ 
756,۶۵,۱۳۸۲,۲, مشیریه,۳۰۵۰۰۰۰۰۰۰,۱ 
757,۴۲,۱۳۹۲,۱, امیریه,۲۰۰۰۰۰۰۰۰۰,۱ 
758,۵۳,۱۳۹۸,۱, اندیشه (شهر زیبا),۹۵۰۰۰۰۰۰۰,۱
759,۵۰,۱۴۰۲,۱, پونک,۳۹۰۰۰۰۰۰۰۰,۴
760,۱۰۰,۱۴۰۲,۲, دریاچه شهدای خلیج فارس,۲۵۰۰۰۰۰۰۰۰,۱۵ 
761,۳۵۰,۱۴۰۱,۴, نیاوران,۸۳۰۰۰۰۰۰۰۰۰,۶ 
762,۴۶,۱۳۹۹,۱, سلسبیل,۲۵۳۰۰۰۰۰۰۰,۲
763,۱۱۷,۱۴۰۱,۲, صادقیه,۱۲۳۹۰۰۰۰۰۰۰,۱ 
764,۶۳,۱۳۹۷,۲, اندیشه (شهر زیبا),۱۲۶۰۰۰۰۰۰۰,۲ 
765,۶۰,۱۳۸۴,۲, میدان حر,۴۲۰۰۰۰۰۰۰۰,۵
766,۱۵۵,۱۳۹۸,۳, اراج,۲۷۰۰۰۰۰۰۰۰۰,۳ 
767,۶۷,۱۳۸۳,۲, پونک,۵۷۶۰۰۰۰۰۰۰,۵ 
768,۱۳۳,۱۳۸۵,۲, نیاوران,۲۱۵۰۰۰۰۰۰۰۰,۳ 
769,۲۳۰,۱۳۹۵,۳, دروس,۴۷۰۰۰۰۰۰۰۰۰,۵ 
770,۸۶,۱۳۸۴,۲, سازمان برنامه,۶۹۰۰۰۰۰۰۰۰,0
771,۱۵۵,۱۳۹۹,۳, سعادت‌آباد,۳۳۵۰۰۰۰۰۰۰۰,۴
772,۱۲۰,۱۴۰۲,۲, دریاچه شهدای خلیج فارس,۲۱۵۰۰۰۰۰۰۰,۱۰ 
773,۱۲۷,۱۳۹۷,۳, جنت‌آباد جنوبی,۱۱۸۸۰۰۰۰۰۰۰,۴
774,۹۸,۱۳۹۶,۲, جنت‌آباد شمالی,۹۴۹۰۰۰۰۰۰۰,۵ 
775,۱۶۲,۱۴۰۲,۳, دریاچه شهدای خلیج فارس,۹۵۰۰۰۰۰۰۰۰,۱۹
776,۶۴,۱۴۰۰,۱, مبارک‌آباد بهشتی,۱۹۵۲۰۰۰۰۰۰,۳
777,۲۰۹,۱۴۰۰,۴, الهیه,۵۳۰۰۰۰۰۰۰۰۰,۴
778,۴۴,۱۳۸۳,۱, سلسبیل,۲۲۵۰۰۰۰۰۰۰,۲
779,۴۹,۱۳۹۹,۱, مبارک‌آباد بهشتی,۱۷۵۰۰۰۰۰۰۰,۱
780,۷۰,۱۴۰۰,۲, دیلمان,۲۰۰۰۰۰۰۰۰۰,۱
781,۶۰,۱۴۰۲,۲," مبارک‌آباد بهشتی,خونه معامله نکن تا کارشناسیش نکردی",۱۹۲۰۰۰۰۰۰۰,۲
782,۱۴۵,۱۳۸۲,۳, یوسف‌آباد,۱۶۶۰۰۰۰۰۰۰۰,۶ 
783,۹۰,۱۴۰۲,۲, جنت‌آباد جنوبی,۱۲۶۸۰۰۰۰۰۰۰,۵ 
784,۹۸,۱۳۹۰,۲, پونک,۹۵۰۰۰۰۰۰۰۰,۱ 
785,۹۵,۱۳۹۲,۲, پونک,۱۰۵۰۰۰۰۰۰۰۰,۳ 
786,۱۱۰,۱۳۹۷,۲, شهران جنوبی,۱۱۰۰۰۰۰۰۰۰۰,۵ 
787,۱۲۵,۱۳۹۹,۲, جردن,۱۶۵۰۰۰۰۰۰۰۰,۱
788,۷۲,۱۴۰۲,۲, مبارک‌آباد بهشتی,۲۰۱۶۰۰۰۰۰۰,۲
789,۱۵۵,۱۴۰۲,۳, شهرک راه‌آهن,۱۵۵۰۰۰۰۰۰۰۰۰,۳ 
790,۷۱,۱۳۹۶,۲, مبارک‌آباد بهشتی,۲۱۰۰۰۰۰۰۰۰,۳
791,۴۱,۱۳۹۶,۱, فلاح,۲۰۵۰۰۰۰۰۰۰,۱
792,۷۰,۱۴۰۱,۲, مبارک‌آباد بهشتی,۱۹۰۰۰۰۰۰۰۰,۴
793,۱۰۰,۱۴۰۲,۲, دریاچه شهدای خلیج فارس,۲۲۰۰۰۰۰۰۰۰,۱۵ 
794,۱۸۷,۱۳۹۰,۳, سعادت‌آباد,۳۹۰۰۰۰۰۰۰۰۰,۳
795,۸۴,۱۳۹۴,۲, نازی‌آباد,۷۱۰۰۰۰۰۰۰۰,۴ 
796,۷۳,۱۳۹۶,۱, ولنجک,۱۷۵۰۰۰۰۰۰۰۰,۳
797,۵۸,۱۳۹۵,۱, کوی فردوس,۵۴۰۰۰۰۰۰۰۰,۳
798,۶۵,۱۳۹۶,۲," جنت‌آباد جنوبی,خونه معامله نکن تا کارشناسیش نکردی",۷۱۵۰۰۰۰۰۰۰,۱
799,۴۶,۱۴۰۲,۱, جیحون,۲۹۰۰۰۰۰۰۰۰,۳ 
800,۶۵,۱۴۰۲,۱, خزانه,۳۹۰۰۰۰۰۰۰۰,۵
801,۱۰۴,۱۴۰۲,۲, چیتگر,۱۳۰۰۰۰۰۰۰۰,۱۱ 
802,۱۲۲,۱۴۰۱,۲, فرمانیه,۱۵۸۶۰۰۰۰۰۰۰,۲ 
803,۷۰,۱۳۷۴,۲, زنجان,۴۹۰۰۰۰۰۰۰۰,۳
804,۱۲۰,۱۴۰۱,۲, ولنجک,۱۱۱۱۱۱۱۱۱۱۱۱,۶ 
805,۱۱۹,۱۴۰۱,۳, چیتگر,۱۶۵۴۰۰۰۰۰۰,۱۴ 
806,۱۰۸,۱۳۸۷,۳, شهرک مسلمین,۴۶۴۴۰۰۰۰۰۰,۳
807,۶۸,۱۴۰۱,۱, مبارک‌آباد بهشتی,۱۷۵۰۰۰۰۰۰۰,۲
808,۵۰,۱۳۸۴,۱, بریانک,۳۱۰۰۰۰۰۰۰۰,۲
809,۶۲,۱۴۰۰,۲, مبارک‌آباد بهشتی,۱۷۵۰۰۰۰۰۰۰,۴
810,۱۳۰,۱۳۹۸,۳," هروی,خونه معامله نکن تا کارشناسیش نکردی",۱۷۵۰۰۰۰۰۰۰۰,۷
811,۷۳,۱۳۸۴,۲, گیشا (کوی نصر),۷۳۰۰۰۰۰۰۰۰,۱
812,۸۱,۱۳۸۵,۲, سعادت‌آباد,۹۸۰۰۰۰۰۰۰۰,۳ 
813,۹۰,۱۳۹۱,۲, جنت‌آباد جنوبی,۸۶۰۰۰۰۰۰۰۰,۳
814,۸۰,۱۴۰۱,۲, استاد معین,۶۲۰۰۰۰۰۰۰۰,۴
815,۱۵۰,۱۴۰۰,۳, امانیه,۲۴۰۰۰۰۰۰۰۰۰,۱ 
816,۱۱۵,۱۳۹۹,۲, یوسف‌آباد,۱۸۰۰۰۰۰۰۰۰۰,۱ 
817,۶۳,۱۴۰۰,۱, مبارک‌آباد بهشتی,۱۹۲۶۰۰۰۰۰۰,۳ 
818,۱۰۳,۱۳۹۵,۲, شهرک راه‌آهن,۷۶۲۰۰۰۰۰۰۰,۱
819,۱۵۷,۱۳۸۷,۳, سعادت‌آباد,۲۰۰۰۰۰۰۰۰۰۰,۲ 
820,۱۲۵,۱۳۸۵,۲, آجودانیه,۱۹۰۰۰۰۰۰۰۰۰,۱
821,۱۰۰,۱۳۹۷,۲, درب دوم,۱۴۵۰۰۰۰۰۰۰۰,۱
822,۸۸,۱۴۰۱,۲, اکباتان,۱۰۶۰۰۰۰۰۰۰۰,۳۰
823,۵۱,۱۳۹۰,۱, جوادیه,۲۵۵۰۰۰۰۰۰۰,۳ 
824,۹۹,۱۳۷۵,۱, شکوفه,۴۳۵۶۰۰۰۰۰۰,0
825,۴۷,۱۳۸۰,۱, مسعودیه,۲۰۰۰۰۰۰۰۰۰,۲
826,۶۸,۱۳۷۵,۲, جنت‌آباد مرکزی,۶۸۰۰۰۰۰۰۰۰,۱ 
827,۱۰۷,۱۳۹۴,۲, امیرآباد,۲۰۰۰۰۰۰۰۰۰۰,۲
828,۸۵,۱۴۰۲,۲, سعادت‌آباد,۱۶۰۰۰۰۰۰۰۰۰,۱
829,۶۲,۱۴۰۰,۲, مبارک‌آباد بهشتی,۱۷۵۰۰۰۰۰۰۰,۴
830,۷۱,۱۳۹۶,۲, خواجه نظام الملک,۵۱۰۰۰۰۰۰۰۰,۲ 
831,۱۳۳,۱۳۸۱,۳, ایران,۱۰۶۰۰۰۰۰۰۰۰,۵ 
832,۸۹,۱۴۰۰,۲, مبارک‌آباد بهشتی,۲۴۰۳۰۰۰۰۰۰,۲
833,۷۵,۱۳۹۹,۲, شهرک راه‌آهن,۷۶۰۰۰۰۰۰۰۰,۱
834,۵۰,۱۳۹۱,۱, دریاچه شهدای خلیج فارس,۱۵۰۰۰۰۰۰۰۰,۲ 
835,۸۵,۱۳۸۷,۲, ولنجک,۱۶۲۰۰۰۰۰۰۰۰,۹
